mic_id,timestamp_onset,timestamp_offset,class_id,confidence,source_file,session_id,source
1,2026-04-20T14:42:33.010000,2026-04-20T14:42:36.649280,3.0,0.8468017578125,20260420_14_42_33_0109_M1.wav,20260420,mic
1,2026-04-20T19:01:25.088232,2026-04-20T19:01:26.095325,3.0,0.8394392132759094,20260420_19_01_19_0539_M1.wav,20260420,mic
1,2026-04-20T14:29:55.293233,2026-04-20T14:29:58.991118,3.0,0.81949782371521,20260420_14_29_49_0408_M1.wav,20260420,mic
1,2026-04-20T19:00:53.889080,2026-04-20T19:00:54.704754,3.0,0.8162349462509155,20260420_19_00_47_0202_M1.wav,20260420,mic
1,2026-04-20T19:01:09.470179,2026-04-20T19:01:09.992611,3.0,0.7987405061721802,20260420_19_01_02_0214_M1.wav,20260420,mic
1,2026-04-20T14:43:19.244456,2026-04-20T14:43:19.411192,3.0,0.7676204442977905,20260420_14_43_18_0134_M1.wav,20260420,mic
1,2026-04-20T19:06:18.076178,2026-04-20T19:06:20.150625,3.0,0.7641113996505737,20260420_19_06_18_0528_M1.wav,20260420,mic
1,2026-04-20T14:43:18.177893,2026-04-20T14:43:18.329791,3.0,0.7625439167022705,20260420_14_43_13_0781_M1.wav,20260420,mic
1,2026-04-20T19:03:00.659450,2026-04-20T19:03:00.979259,3.0,0.7582584619522095,20260420_19_02_59_0111_M1.wav,20260420,mic
1,2026-04-20T14:43:18.340988,2026-04-20T14:43:18.505169,3.0,0.7581098079681396,20260420_14_43_16_0879_M1.wav,20260420,mic
1,2026-04-20T14:21:43.322003,2026-04-20T14:21:43.728910,3.0,0.742188572883606,20260420_14_21_39_0856_M1.wav,20260420,mic
1,2026-04-20T14:21:54.666310,2026-04-20T14:21:55.332370,3.0,0.7348659038543701,20260420_14_21_50_0358_M1.wav,20260420,mic
1,2026-04-20T14:38:31.374154,2026-04-20T14:38:34.996090,3.0,0.7302228212356567,20260420_14_38_25_0636_M1.wav,20260420,mic
1,2026-04-20T19:13:19.489819,2026-04-20T19:13:19.636686,3.0,0.7185195684432983,20260420_19_13_15_0586_M1.wav,20260420,mic
1,2026-04-20T19:02:23.675125,2026-04-20T19:02:24.378360,3.0,0.70451819896698,20260420_19_02_20_0165_M1.wav,20260420,mic
1,2026-04-20T14:29:20.099048,2026-04-20T14:29:22.301996,3.0,0.6770516633987427,20260420_14_29_20_0593_M1.wav,20260420,mic
1,2026-04-20T19:13:08.991677,2026-04-20T19:13:09.526297,3.0,0.6703956723213196,20260420_19_13_02_0555_M1.wav,20260420,mic
1,2026-04-20T14:21:48.622131,2026-04-20T14:21:49.052511,3.0,0.6691761016845703,20260420_14_21_44_0193_M1.wav,20260420,mic
1,2026-04-20T14:27:27.812189,2026-04-20T14:27:27.987385,3.0,0.6560531854629517,20260420_14_27_22_0030_M1.wav,20260420,mic
1,2026-04-20T14:21:44.406481,2026-04-20T14:21:44.842193,3.0,0.6450375914573669,20260420_14_21_44_0193_M1.wav,20260420,mic
1,2026-04-20T19:18:46.780626,2026-04-20T19:18:47.500720,3.0,0.6426184177398682,20260420_19_18_41_0288_M1.wav,20260420,mic
1,2026-04-20T14:26:36.024703,2026-04-20T14:26:36.982860,3.0,0.6304178833961487,20260420_14_26_31_0586_M1.wav,20260420,mic
1,2026-04-20T14:30:44.601561,2026-04-20T14:30:47.999183,3.0,0.6280937790870667,20260420_14_30_38_0658_M1.wav,20260420,mic
1,2026-04-20T14:42:31.174085,2026-04-20T14:42:31.349615,3.0,0.6151090860366821,20260420_14_42_25_0756_M1.wav,20260420,mic
1,2026-04-20T14:26:36.242894,2026-04-20T14:26:36.478868,3.0,0.6029454469680786,20260420_14_26_34_0341_M1.wav,20260420,mic
1,2026-04-20T14:43:18.036391,2026-04-20T14:43:18.187232,3.0,0.5762916803359985,20260420_14_43_09_0438_M1.wav,20260420,mic
1,2026-04-20T19:01:03.303203,2026-04-20T19:01:03.712237,3.0,0.5694496035575867,20260420_19_00_57_0871_M1.wav,20260420,mic
1,2026-04-20T14:27:49.319992,2026-04-20T14:27:53.011472,3.0,0.5621544122695923,20260420_14_27_43_0716_M1.wav,20260420,mic
1,2026-04-20T14:28:54.443875,2026-04-20T14:28:58.049497,3.0,0.5445693731307983,20260420_14_28_48_0723_M1.wav,20260420,mic
1,2026-04-20T14:24:06.239745,2026-04-20T14:24:07.448554,3.0,0.5439614057540894,20260420_14_24_02_0743_M1.wav,20260420,mic
1,2026-04-20T14:27:27.683445,2026-04-20T14:27:27.823547,3.0,0.538345456123352,20260420_14_27_27_0913_M1.wav,20260420,mic
1,2026-04-20T14:26:35.786589,2026-04-20T14:26:36.020127,3.0,0.5334498882293701,20260420_14_26_31_0586_M1.wav,20260420,mic
1,2026-04-20T14:42:31.641479,2026-04-20T14:42:34.043000,3.0,0.5207957625389099,20260420_14_42_24_0432_M1.wav,20260420,mic
1,2026-04-20T14:35:57.336568,2026-04-20T14:35:57.852594,3.0,0.5203156471252441,20260420_14_35_50_0740_M1.wav,20260420,mic
1,2026-04-20T14:27:27.527863,2026-04-20T14:27:27.671396,3.0,0.5196767449378967,20260420_14_27_23_0597_M1.wav,20260420,mic
1,2026-04-20T14:40:30.841666,2026-04-20T14:40:33.967516,3.0,0.5077043771743774,20260420_14_40_24_0139_M1.wav,20260420,mic
1,2026-04-20T19:01:04.170085,2026-04-20T19:01:04.619006,3.0,0.5023708343505859,20260420_19_01_02_0214_M1.wav,20260420,mic
1,2026-04-20T14:27:28.193291,2026-04-20T14:27:31.946403,3.0,0.49955058097839355,20260420_14_27_22_0030_M1.wav,20260420,mic
1,2026-04-20T19:05:04.233091,2026-04-20T19:05:04.464196,3.0,0.4988253116607666,20260420_19_05_04_0832_M1.wav,20260420,mic
1,2026-04-20T14:21:55.224126,2026-04-20T14:21:55.948295,3.0,0.4962943196296692,20260420_14_21_48_0514_M1.wav,20260420,mic
1,2026-04-20T19:01:02.113786,2026-04-20T19:01:06.241949,3.0,0.48500582575798035,20260420_19_01_02_0214_M1.wav,20260420,mic
1,2026-04-20T19:08:20.155477,2026-04-20T19:08:20.457894,3.0,0.4835329055786133,20260420_19_08_15_0605_M1.wav,20260420,mic
1,2026-04-20T14:40:37.135970,2026-04-20T14:40:37.487829,3.0,0.4817900061607361,20260420_14_40_31_0437_M1.wav,20260420,mic
1,2026-04-20T19:13:37.031000,2026-04-20T19:13:39.238247,3.0,0.47540006041526794,20260420_19_13_37_0311_M1.wav,20260420,mic
1,2026-04-20T14:43:47.134589,2026-04-20T14:43:48.240337,3.0,0.4608480632305145,20260420_14_43_42_0984_M1.wav,20260420,mic
1,2026-04-20T14:35:58.635024,2026-04-20T14:35:59.097270,3.0,0.4535152316093445,20260420_14_35_58_0080_M1.wav,20260420,mic
1,2026-04-20T14:41:14.887554,2026-04-20T14:41:15.209898,3.0,0.4491094946861267,20260420_14_41_06_0168_M1.wav,20260420,mic
1,2026-04-20T14:26:36.054623,2026-04-20T14:26:36.269245,3.0,0.444504976272583,20260420_14_26_30_0016_M1.wav,20260420,mic
1,2026-04-20T14:44:52.531522,2026-04-20T14:44:52.637685,3.0,0.4310983419418335,20260420_14_44_49_0505_M1.wav,20260420,mic
1,2026-04-20T14:27:26.735307,2026-04-20T14:27:26.888074,3.0,0.42384621500968933,20260420_14_27_17_0706_M1.wav,20260420,mic
1,2026-04-20T19:00:21.418534,2026-04-20T19:00:22.255614,3.0,0.4121451675891876,20260420_19_00_20_0602_M1.wav,20260420,mic
1,2026-04-20T19:06:40.024242,2026-04-20T19:06:42.096401,3.0,0.4067862629890442,20260420_19_06_40_0242_M1.wav,20260420,mic
1,2026-04-20T14:25:08.029589,2026-04-20T14:25:08.221575,3.0,0.4003942012786865,20260420_14_24_59_0022_M1.wav,20260420,mic
1,2026-04-20T14:25:08.658947,2026-04-20T14:25:08.846062,3.0,0.4000174105167389,20260420_14_25_05_0042_M1.wav,20260420,mic
1,2026-04-20T19:03:58.807396,2026-04-20T19:03:58.955787,3.0,0.39756056666374207,20260420_19_03_55_0460_M1.wav,20260420,mic
1,2026-04-20T14:21:47.490945,2026-04-20T14:21:47.966000,3.0,0.3867213726043701,20260420_14_21_39_0856_M1.wav,20260420,mic
1,2026-04-20T14:21:34.290652,2026-04-20T14:21:34.918530,3.0,0.38531163334846497,20260420_14_21_31_0081_M1.wav,20260420,mic
1,2026-04-20T14:26:48.647496,2026-04-20T14:26:48.844279,3.0,0.3823995292186737,20260420_14_26_44_0581_M1.wav,20260420,mic
1,2026-04-20T14:40:59.476638,2026-04-20T14:41:02.969830,3.0,0.3803104758262634,20260420_14_40_53_0164_M1.wav,20260420,mic
1,2026-04-20T19:09:04.990499,2026-04-20T19:09:08.952712,3.0,0.3786280155181885,20260420_19_08_59_0010_M1.wav,20260420,mic
1,2026-04-20T14:35:30.416859,2026-04-20T14:35:31.310325,3.0,0.3687981367111206,20260420_14_35_29_0088_M1.wav,20260420,mic
1,2026-04-20T14:43:11.509895,2026-04-20T14:43:12.799259,3.0,0.3680349886417389,20260420_14_43_09_0438_M1.wav,20260420,mic
1,2026-04-20T14:44:20.383294,2026-04-20T14:44:20.506288,3.0,0.3645637035369873,20260420_14_44_17_0732_M1.wav,20260420,mic
1,2026-04-20T14:27:27.956415,2026-04-20T14:27:28.095946,3.0,0.3633457124233246,20260420_14_27_26_0358_M1.wav,20260420,mic
1,2026-04-20T14:26:48.822090,2026-04-20T14:26:49.077267,3.0,0.3599708080291748,20260420_14_26_48_0901_M1.wav,20260420,mic
1,2026-04-20T14:41:15.200622,2026-04-20T14:41:15.482136,3.0,0.3571408987045288,20260420_14_41_14_0855_M1.wav,20260420,mic
1,2026-04-20T14:43:48.021195,2026-04-20T14:43:49.103344,3.0,0.3556481599807739,20260420_14_43_44_0253_M1.wav,20260420,mic
1,2026-04-20T14:29:40.083588,2026-04-20T14:29:42.523919,3.0,0.3548530340194702,20260420_14_29_40_0750_M1.wav,20260420,mic
1,2026-04-20T14:22:14.051000,2026-04-20T14:22:15.287984,3.0,0.3490344285964966,20260420_14_22_14_0516_M1.wav,20260420,mic
1,2026-04-20T14:44:20.185810,2026-04-20T14:44:20.312142,3.0,0.3489089608192444,20260420_14_44_14_0663_M1.wav,20260420,mic
1,2026-04-20T14:25:07.589353,2026-04-20T14:25:07.775813,3.0,0.34741514921188354,20260420_14_25_00_0719_M1.wav,20260420,mic
1,2026-04-20T14:25:08.291201,2026-04-20T14:25:08.488432,3.0,0.34316694736480713,20260420_14_25_07_0696_M1.wav,20260420,mic
1,2026-04-20T14:33:23.096254,2026-04-20T14:33:26.977889,3.0,0.3375702500343323,20260420_14_33_23_0385_M1.wav,20260420,mic
1,2026-04-20T14:45:08.286922,2026-04-20T14:45:08.591273,3.0,0.33488380908966064,20260420_14_45_02_0532_M1.wav,20260420,mic
1,2026-04-20T14:44:51.561268,2026-04-20T14:44:51.672855,3.0,0.33338260650634766,20260420_14_44_43_0818_M1.wav,20260420,mic
1,2026-04-20T14:21:47.898789,2026-04-20T14:21:48.372903,3.0,0.31904494762420654,20260420_14_21_41_0650_M1.wav,20260420,mic
1,2026-04-20T19:01:06.834912,2026-04-20T19:01:07.043977,3.0,0.318187952041626,20260420_19_00_57_0871_M1.wav,20260420,mic
1,2026-04-20T19:04:28.380253,2026-04-20T19:04:28.936842,3.0,0.3102664351463318,20260420_19_04_25_0760_M1.wav,20260420,mic
1,2026-04-20T14:32:58.397879,2026-04-20T14:33:01.010882,3.0,0.30963343381881714,20260420_14_32_51_0605_M1.wav,20260420,mic
1,2026-04-20T14:28:06.111099,2026-04-20T14:28:09.455017,3.0,0.30771732330322266,20260420_14_28_06_0893_M1.wav,20260420,mic
1,2026-04-20T19:00:58.594041,2026-04-20T19:00:58.946580,3.0,0.30758020281791687,20260420_19_00_57_0871_M1.wav,20260420,mic
1,2026-04-20T14:21:48.978071,2026-04-20T14:21:49.449106,3.0,0.2988964915275574,20260420_14_21_46_0000_M1.wav,20260420,mic
1,2026-04-20T14:25:57.716798,2026-04-20T14:25:58.094789,3.0,0.2976280152797699,20260420_14_25_52_0621_M1.wav,20260420,mic
1,2026-04-20T19:16:11.389607,2026-04-20T19:16:11.672188,3.0,0.29732170701026917,20260420_19_16_04_0909_M1.wav,20260420,mic
1,2026-04-20T14:21:54.155651,2026-04-20T14:21:54.936190,3.0,0.2959628701210022,20260420_14_21_48_0514_M1.wav,20260420,mic
1,2026-04-20T19:01:06.052000,2026-04-20T19:01:08.397185,3.0,0.29528558254241943,20260420_19_01_06_0529_M1.wav,20260420,mic
1,2026-04-20T14:28:24.494375,2026-04-20T14:28:27.990125,3.0,0.29340052604675293,20260420_14_28_18_0370_M1.wav,20260420,mic
1,2026-04-20T19:16:12.280030,2026-04-20T19:16:12.501063,3.0,0.2903037369251251,20260420_19_16_09_0229_M1.wav,20260420,mic
1,2026-04-20T14:26:35.590600,2026-04-20T14:26:35.830689,3.0,0.28085923194885254,20260420_14_26_27_0233_M1.wav,20260420,mic
1,2026-04-20T19:02:59.795289,2026-04-20T19:03:00.046080,3.0,0.280379056930542,20260420_19_02_54_0782_M1.wav,20260420,mic
1,2026-04-20T14:23:22.021668,2026-04-20T14:23:25.247309,3.0,0.2793441414833069,20260420_14_23_21_0171_M1.wav,20260420,mic
1,2026-04-20T19:05:58.398178,2026-04-20T19:06:02.037559,3.0,0.27777308225631714,20260420_19_05_52_0507_M1.wav,20260420,mic
1,2026-04-20T14:42:58.447235,2026-04-20T14:42:58.609457,3.0,0.277155339717865,20260420_14_42_52_0057_M1.wav,20260420,mic
1,2026-04-20T14:34:11.455294,2026-04-20T14:34:12.038000,3.0,0.2767798900604248,20260420_14_34_02_0385_M1.wav,20260420,mic
1,2026-04-20T14:29:58.018292,2026-04-20T14:30:00.350658,3.0,0.26766401529312134,20260420_14_29_58_0084_M1.wav,20260420,mic
1,2026-04-20T14:43:33.683857,2026-04-20T14:43:35.264707,3.0,0.26732856035232544,20260420_14_43_26_0837_M1.wav,20260420,mic
1,2026-04-20T19:04:40.317426,2026-04-20T19:04:44.044000,3.0,0.2622680366039276,20260420_19_04_34_0445_M1.wav,20260420,mic
1,2026-04-20T14:24:33.005000,2026-04-20T14:24:36.866139,3.0,0.26219719648361206,20260420_14_24_33_0058_M1.wav,20260420,mic
1,2026-04-20T14:38:15.419156,2026-04-20T14:38:17.992849,3.0,0.26209038496017456,20260420_14_38_08_0251_M1.wav,20260420,mic
1,2026-04-20T14:29:24.139534,2026-04-20T14:29:26.271644,3.0,0.2617514431476593,20260420_14_29_24_0912_M1.wav,20260420,mic
1,2026-04-20T14:38:02.779509,2026-04-20T14:38:02.897225,3.0,0.2587854266166687,20260420_14_37_59_0540_M1.wav,20260420,mic
1,2026-04-20T14:30:25.072188,2026-04-20T14:30:28.246287,3.0,0.24795213341712952,20260420_14_30_25_0669_M1.wav,20260420,mic
1,2026-04-20T19:08:27.209720,2026-04-20T19:08:33.996051,3.0,0.24787664413452148,20260420_19_08_24_0285_M1.wav,20260420,mic
1,2026-04-20T14:41:30.268780,2026-04-20T14:41:34.021896,3.0,0.24772119522094727,20260420_14_41_24_0902_M1.wav,20260420,mic
1,2026-04-20T14:38:53.318127,2026-04-20T14:38:53.456273,3.0,0.24708259105682373,20260420_14_38_51_0662_M1.wav,20260420,mic
1,2026-04-20T14:32:18.116280,2026-04-20T14:32:20.323357,3.0,0.24106082320213318,20260420_14_32_18_0308_M1.wav,20260420,mic
1,2026-04-20T14:23:21.499183,2026-04-20T14:23:22.700207,3.0,0.23962673544883728,20260420_14_23_19_0465_M1.wav,20260420,mic
1,2026-04-20T19:13:13.881534,2026-04-20T19:13:16.071654,3.0,0.23882710933685303,20260420_19_13_06_0942_M1.wav,20260420,mic
1,2026-04-20T14:27:56.352797,2026-04-20T14:27:59.026642,3.0,0.23859575390815735,20260420_14_27_49_0593_M1.wav,20260420,mic
1,2026-04-20T14:25:08.141111,2026-04-20T14:25:08.353047,3.0,0.23783448338508606,20260420_14_25_03_0341_M1.wav,20260420,mic
1,2026-04-20T19:01:11.599345,2026-04-20T19:01:14.706115,3.0,0.2368786633014679,20260420_19_01_10_0870_M1.wav,20260420,mic
1,2026-04-20T14:41:14.718935,2026-04-20T14:41:15.025811,3.0,0.23533743619918823,20260420_14_41_07_0556_M1.wav,20260420,mic
1,2026-04-20T14:24:51.531406,2026-04-20T14:24:53.124603,3.0,0.23350968956947327,20260420_14_24_47_0738_M1.wav,20260420,mic
1,2026-04-20T14:22:02.658089,2026-04-20T14:22:03.154443,3.0,0.23175284266471863,20260420_14_21_54_0669_M1.wav,20260420,mic
1,2026-04-20T14:24:06.560998,2026-04-20T14:24:09.940563,3.0,0.23039743304252625,20260420_14_24_00_0132_M1.wav,20260420,mic
1,2026-04-20T19:10:54.461952,2026-04-20T19:10:54.982059,3.0,0.22768333554267883,20260420_19_10_51_0755_M1.wav,20260420,mic
1,2026-04-20T14:40:00.030871,2026-04-20T14:40:02.040000,3.0,0.22565492987632751,20260420_14_39_52_0400_M1.wav,20260420,mic
1,2026-04-20T19:18:21.520158,2026-04-20T19:18:22.908981,3.0,0.22418618202209473,20260420_19_18_15_0183_M1.wav,20260420,mic
1,2026-04-20T14:37:36.696712,2026-04-20T14:37:36.976642,3.0,0.22348588705062866,20260420_14_37_30_0517_M1.wav,20260420,mic
1,2026-04-20T14:38:02.592540,2026-04-20T14:38:02.719133,3.0,0.2209300994873047,20260420_14_37_55_0219_M1.wav,20260420,mic
1,2026-04-20T14:32:53.049077,2026-04-20T14:32:53.220535,3.0,0.21780839562416077,20260420_14_32_48_0666_M1.wav,20260420,mic
1,2026-04-20T14:30:17.649995,2026-04-20T14:30:20.918430,3.0,0.2168109118938446,20260420_14_30_11_0071_M1.wav,20260420,mic
1,2026-04-20T19:00:49.305079,2026-04-20T19:00:54.269921,3.0,0.21631929278373718,20260420_19_00_47_0202_M1.wav,20260420,mic
1,2026-04-20T14:30:38.490049,2026-04-20T14:30:42.056921,3.0,0.21388033032417297,20260420_14_30_32_0752_M1.wav,20260420,mic
1,2026-04-20T14:44:52.375067,2026-04-20T14:44:52.503937,3.0,0.21236705780029297,20260420_14_44_45_0173_M1.wav,20260420,mic
1,2026-04-20T14:35:31.970851,2026-04-20T14:35:32.215756,3.0,0.20776298642158508,20260420_14_35_24_0733_M1.wav,20260420,mic
1,2026-04-20T14:30:59.814013,2026-04-20T14:31:00.305491,3.0,0.20606723427772522,20260420_14_30_55_0973_M1.wav,20260420,mic
1,2026-04-20T14:43:34.750188,2026-04-20T14:43:36.445115,3.0,0.20380514860153198,20260420_14_43_31_0179_M1.wav,20260420,mic
1,2026-04-20T19:16:49.004598,2026-04-20T19:16:49.202624,3.0,0.1976812183856964,20260420_19_16_44_0051_M1.wav,20260420,mic
1,2026-04-20T14:40:36.765826,2026-04-20T14:40:36.874640,3.0,0.19688737392425537,20260420_14_40_35_0795_M1.wav,20260420,mic
1,2026-04-20T14:37:25.550754,2026-04-20T14:37:27.439802,3.0,0.19175714254379272,20260420_14_37_21_0808_M1.wav,20260420,mic
1,2026-04-20T14:35:29.276619,2026-04-20T14:35:30.207872,3.0,0.18835905194282532,20260420_14_35_24_0733_M1.wav,20260420,mic
1,2026-04-20T14:30:11.007000,2026-04-20T14:30:13.323868,3.0,0.1876583695411682,20260420_14_30_11_0071_M1.wav,20260420,mic
1,2026-04-20T14:36:00.434489,2026-04-20T14:36:03.748409,3.0,0.18684032559394836,20260420_14_35_59_0396_M1.wav,20260420,mic
1,2026-04-20T14:22:03.340133,2026-04-20T14:22:03.829214,3.0,0.1837552785873413,20260420_14_21_57_0205_M1.wav,20260420,mic
1,2026-04-20T14:21:43.700952,2026-04-20T14:21:44.070272,3.0,0.18311479687690735,20260420_14_21_41_0650_M1.wav,20260420,mic
1,2026-04-20T14:26:10.917985,2026-04-20T14:26:11.039761,3.0,0.18291005492210388,20260420_14_26_08_0350_M1.wav,20260420,mic
1,2026-04-20T14:40:20.716503,2026-04-20T14:40:20.955427,3.0,0.18251273036003113,20260420_14_40_11_0127_M1.wav,20260420,mic
1,2026-04-20T14:30:30.160359,2026-04-20T14:30:31.329096,3.0,0.1800735592842102,20260420_14_30_25_0669_M1.wav,20260420,mic
1,2026-04-20T14:41:45.014440,2026-04-20T14:41:45.171249,3.0,0.1790250837802887,20260420_14_41_42_0311_M1.wav,20260420,mic
1,2026-04-20T14:30:12.314698,2026-04-20T14:30:16.018612,3.0,0.17777705192565918,20260420_14_30_06_0748_M1.wav,20260420,mic
1,2026-04-20T14:40:12.473200,2026-04-20T14:40:14.955770,3.0,0.1749594509601593,20260420_14_40_09_0766_M1.wav,20260420,mic
1,2026-04-20T19:01:00.452566,2026-04-20T19:01:00.959365,3.0,0.17427387833595276,20260420_19_00_57_0871_M1.wav,20260420,mic
1,2026-04-20T19:06:13.895386,2026-04-20T19:06:14.171703,3.0,0.1739085614681244,20260420_19_06_05_0547_M1.wav,20260420,mic
1,2026-04-20T19:04:20.546426,2026-04-20T19:04:20.684584,3.0,0.1732633411884308,20260420_19_04_17_0091_M1.wav,20260420,mic
1,2026-04-20T14:40:36.479232,2026-04-20T14:40:36.597376,3.0,0.17052683234214783,20260420_14_40_27_0097_M1.wav,20260420,mic
1,2026-04-20T14:23:25.669054,2026-04-20T14:23:29.099181,3.0,0.1698627769947052,20260420_14_23_25_0513_M1.wav,20260420,mic
1,2026-04-20T14:36:02.999272,2026-04-20T14:36:04.069086,3.0,0.16867104172706604,20260420_14_35_58_0080_M1.wav,20260420,mic
1,2026-04-20T19:06:11.283958,2026-04-20T19:06:18.795590,3.0,0.16742447018623352,20260420_19_06_09_0863_M1.wav,20260420,mic
1,2026-04-20T14:41:43.929852,2026-04-20T14:41:44.096179,3.0,0.16687601804733276,20260420_14_41_37_0967_M1.wav,20260420,mic
1,2026-04-20T14:28:35.028237,2026-04-20T14:28:36.929208,3.0,0.16482144594192505,20260420_14_28_27_0038_M1.wav,20260420,mic
1,2026-04-20T19:02:33.827621,2026-04-20T19:02:34.491106,3.0,0.16246077418327332,20260420_19_02_33_0136_M1.wav,20260420,mic
1,2026-04-20T14:36:14.007355,2026-04-20T14:36:21.497778,3.0,0.1616308093070984,20260420_14_36_12_0395_M1.wav,20260420,mic
1,2026-04-20T19:12:54.395169,2026-04-20T19:12:54.493307,3.0,0.16020646691322327,20260420_19_12_53_0872_M1.wav,20260420,mic
1,2026-04-20T19:04:42.189802,2026-04-20T19:04:42.386698,3.0,0.15873044729232788,20260420_19_04_34_0445_M1.wav,20260420,mic
1,2026-04-20T14:40:36.329055,2026-04-20T14:40:36.456111,3.0,0.1577022671699524,20260420_14_40_28_0501_M1.wav,20260420,mic
1,2026-04-20T19:14:13.337701,2026-04-20T19:14:17.006782,3.0,0.1555410623550415,20260420_19_14_07_0673_M1.wav,20260420,mic
1,2026-04-20T14:36:32.835743,2026-04-20T14:36:33.058648,3.0,0.15071174502372742,20260420_14_36_24_0086_M1.wav,20260420,mic
1,2026-04-20T14:41:55.034000,2026-04-20T14:41:57.579347,3.0,0.14551350474357605,20260420_14_41_55_0345_M1.wav,20260420,mic
1,2026-04-20T14:40:54.055447,2026-04-20T14:40:56.140867,3.0,0.14528802037239075,20260420_14_40_54_0531_M1.wav,20260420,mic
1,2026-04-20T14:38:13.632728,2026-04-20T14:38:13.798750,3.0,0.1436508297920227,20260420_14_38_09_0617_M1.wav,20260420,mic
1,2026-04-20T14:23:35.178575,2026-04-20T14:23:38.476897,3.0,0.14316129684448242,20260420_14_23_34_0196_M1.wav,20260420,mic
1,2026-04-20T14:27:06.271165,2026-04-20T14:27:11.023161,3.0,0.14303094148635864,20260420_14_27_01_0913_M1.wav,20260420,mic
1,2026-04-20T19:00:49.333238,2026-04-20T19:00:50.725955,3.0,0.14289727807044983,20260420_19_00_47_0202_M1.wav,20260420,mic
1,2026-04-20T14:22:53.608516,2026-04-20T14:22:58.971917,3.0,0.14203870296478271,20260420_14_22_49_0195_M1.wav,20260420,mic
1,2026-04-20T14:44:49.217056,2026-04-20T14:44:49.449818,3.0,0.14191117882728577,20260420_14_44_43_0818_M1.wav,20260420,mic
1,2026-04-20T14:23:18.797872,2026-04-20T14:23:18.934776,3.0,0.14071741700172424,20260420_14_23_15_0148_M1.wav,20260420,mic
1,2026-04-20T14:40:20.889249,2026-04-20T14:40:21.183836,3.0,0.13829901814460754,20260420_14_40_15_0493_M1.wav,20260420,mic
1,2026-04-20T14:35:29.054287,2026-04-20T14:35:33.363564,3.0,0.13749879598617554,20260420_14_35_29_0088_M1.wav,20260420,mic
1,2026-04-20T14:21:54.532343,2026-04-20T14:21:54.755935,3.0,0.13749036192893982,20260420_14_21_50_0358_M1.wav,20260420,mic
1,2026-04-20T14:27:52.037000,2026-04-20T14:27:54.409870,3.0,0.13736209273338318,20260420_14_27_52_0376_M1.wav,20260420,mic
1,2026-04-20T14:35:42.931078,2026-04-20T14:35:43.474809,3.0,0.1370716691017151,20260420_14_35_36_0419_M1.wav,20260420,mic
1,2026-04-20T14:25:44.483742,2026-04-20T14:25:45.180363,3.0,0.1342942714691162,20260420_14_25_38_0059_M1.wav,20260420,mic
1,2026-04-20T14:27:24.246905,2026-04-20T14:27:27.165842,3.0,0.13262122869491577,20260420_14_27_19_0243_M1.wav,20260420,mic
1,2026-04-20T14:21:54.066000,2026-04-20T14:21:56.833262,3.0,0.13251391053199768,20260420_14_21_54_0669_M1.wav,20260420,mic
1,2026-04-20T19:13:54.080019,2026-04-20T19:13:58.254419,3.0,0.13033562898635864,20260420_19_13_54_0660_M1.wav,20260420,mic
1,2026-04-20T19:02:08.755699,2026-04-20T19:02:08.903503,3.0,0.1287437081336975,20260420_19_02_07_0108_M1.wav,20260420,mic
1,2026-04-20T14:22:39.239755,2026-04-20T14:22:39.357599,3.0,0.12602636218070984,20260420_14_22_37_0922_M1.wav,20260420,mic
1,2026-04-20T14:41:44.071881,2026-04-20T14:41:44.236560,3.0,0.12558463215827942,20260420_14_41_36_0592_M1.wav,20260420,mic
1,2026-04-20T14:44:18.116699,2026-04-20T14:44:20.504179,3.0,0.12526652216911316,20260420_14_44_18_0997_M1.wav,20260420,mic
1,2026-04-20T14:23:00.248776,2026-04-20T14:23:03.283861,3.0,0.12407052516937256,20260420_14_22_59_0534_M1.wav,20260420,mic
1,2026-04-20T19:04:29.093481,2026-04-20T19:04:29.228480,3.0,0.12396854162216187,20260420_19_04_21_0443_M1.wav,20260420,mic
1,2026-04-20T14:29:06.014272,2026-04-20T14:29:08.339136,3.0,0.1219848096370697,20260420_14_29_06_0059_M1.wav,20260420,mic
1,2026-04-20T19:07:19.024000,2026-04-20T19:07:20.947436,3.0,0.12027963995933533,20260420_19_07_19_0242_M1.wav,20260420,mic
1,2026-04-20T19:04:36.632690,2026-04-20T19:04:38.034215,3.0,0.11991861462593079,20260420_19_04_30_0101_M1.wav,20260420,mic
1,2026-04-20T14:32:53.463102,2026-04-20T14:32:56.934116,3.0,0.11906540393829346,20260420_14_32_47_0271_M1.wav,20260420,mic
1,2026-04-20T14:44:50.176474,2026-04-20T14:44:50.477598,3.0,0.11678922176361084,20260420_14_44_49_0505_M1.wav,20260420,mic
1,2026-04-20T14:26:34.938849,2026-04-20T14:26:35.064504,3.0,0.11557018756866455,20260420_14_26_25_0697_M1.wav,20260420,mic
1,2026-04-20T14:30:02.837995,2026-04-20T14:30:06.932992,3.0,0.11293336749076843,20260420_14_30_02_0407_M1.wav,20260420,mic
1,2026-04-20T14:29:17.393203,2026-04-20T14:29:21.053141,3.0,0.1112244725227356,20260420_14_29_11_0908_M1.wav,20260420,mic
1,2026-04-20T14:37:17.347765,2026-04-20T14:37:21.034737,3.0,0.1104440987110138,20260420_14_37_11_0863_M1.wav,20260420,mic
1,2026-04-20T14:40:37.543549,2026-04-20T14:40:37.659543,3.0,0.10922428965568542,20260420_14_40_37_0158_M1.wav,20260420,mic
1,2026-04-20T14:25:13.071000,2026-04-20T14:25:14.026544,3.0,0.10899427533149719,20260420_14_25_13_0710_M1.wav,20260420,mic
1,2026-04-20T14:33:55.367451,2026-04-20T14:33:58.993549,3.0,0.10857734084129333,20260420_14_33_49_0397_M1.wav,20260420,mic
1,2026-04-20T19:07:32.025000,2026-04-20T19:07:34.418146,3.0,0.10775798559188843,20260420_19_07_32_0259_M1.wav,20260420,mic
1,2026-04-20T19:05:23.202523,2026-04-20T19:05:27.001094,3.0,0.10707104206085205,20260420_19_05_17_0825_M1.wav,20260420,mic
1,2026-04-20T14:40:50.048628,2026-04-20T14:40:50.977792,3.0,0.106739342212677,20260420_14_40_41_0513_M1.wav,20260420,mic
1,2026-04-20T14:41:44.189113,2026-04-20T14:41:44.338397,3.0,0.10655167698860168,20260420_14_41_40_0930_M1.wav,20260420,mic
1,2026-04-20T19:01:05.381209,2026-04-20T19:01:06.025976,3.0,0.10560309886932373,20260420_19_01_02_0214_M1.wav,20260420,mic
1,2026-04-20T14:24:51.571830,2026-04-20T14:24:51.808539,3.0,0.10547098517417908,20260420_14_24_43_0404_M1.wav,20260420,mic
1,2026-04-20T19:05:08.657209,2026-04-20T19:05:14.010533,3.0,0.10519158840179443,20260420_19_05_04_0832_M1.wav,20260420,mic
1,2026-04-20T14:25:53.177864,2026-04-20T14:25:54.652225,3.0,0.10333722829818726,20260420_14_25_52_0621_M1.wav,20260420,mic
1,2026-04-20T14:27:27.347840,2026-04-20T14:27:27.481914,3.0,0.10291844606399536,20260420_14_27_19_0243_M1.wav,20260420,mic
1,2026-04-20T14:40:01.131012,2026-04-20T14:40:01.407521,3.0,0.10227572917938232,20260420_14_39_58_0121_M1.wav,20260420,mic
1,2026-04-20T14:27:13.041464,2026-04-20T14:27:15.046789,3.0,0.10137194395065308,20260420_14_27_13_0350_M1.wav,20260420,mic
1,2026-04-20T14:35:41.413163,2026-04-20T14:35:41.515114,3.0,0.10114550590515137,20260420_14_35_33_0416_M1.wav,20260420,mic
1,2026-04-20T14:22:13.114090,2026-04-20T14:22:13.585251,3.0,0.10052326321601868,20260420_14_22_11_0988_M1.wav,20260420,mic
1,2026-04-20T19:01:02.289752,2026-04-20T19:01:02.976140,3.0,0.10036575794219971,20260420_19_00_53_0546_M1.wav,20260420,mic
1,2026-04-20T14:21:31.008000,2026-04-20T14:21:38.148538,8.0,0.21175703406333923,20260420_14_21_31_0081_M1.wav,20260420,mic
1,2026-04-20T14:23:45.740578,2026-04-20T14:23:52.080889,8.0,0.168573260307312,20260420_14_23_42_0859_M1.wav,20260420,mic
2,2026-04-20T19:08:03.920014,2026-04-20T19:08:04.067005,3.0,0.7672158479690552,20260420_19_08_02_0596_M2.wav,20260420,mic
2,2026-04-20T14:21:55.190482,2026-04-20T14:21:55.714722,3.0,0.7641648650169373,20260420_14_21_48_0514_M2.wav,20260420,mic
2,2026-04-20T14:23:08.079331,2026-04-20T14:23:08.878302,3.0,0.7123552560806274,20260420_14_23_08_0204_M2.wav,20260420,mic
2,2026-04-20T14:43:18.175607,2026-04-20T14:43:18.330232,3.0,0.6875943541526794,20260420_14_43_12_0537_M2.wav,20260420,mic
2,2026-04-20T14:42:09.467386,2026-04-20T14:42:13.766812,3.0,0.6862446069717407,20260420_14_42_04_0017_M2.wav,20260420,mic
2,2026-04-20T14:43:18.318385,2026-04-20T14:43:18.471797,3.0,0.6808085441589355,20260420_14_43_16_0879_M2.wav,20260420,mic
2,2026-04-20T14:38:45.766757,2026-04-20T14:38:49.950437,3.0,0.6634737253189087,20260420_14_38_40_0041_M2.wav,20260420,mic
2,2026-04-20T14:43:19.225200,2026-04-20T14:43:19.378100,3.0,0.6413657665252686,20260420_14_43_18_0134_M2.wav,20260420,mic
2,2026-04-20T14:21:48.627984,2026-04-20T14:21:49.015768,3.0,0.6383114457130432,20260420_14_21_44_0193_M2.wav,20260420,mic
2,2026-04-20T14:26:16.119760,2026-04-20T14:26:17.970182,3.0,0.630450963973999,20260420_14_26_08_0350_M2.wav,20260420,mic
2,2026-04-20T14:30:14.344622,2026-04-20T14:30:14.508245,3.0,0.6253207921981812,20260420_14_30_12_0670_M2.wav,20260420,mic
2,2026-04-20T19:00:24.858890,2026-04-20T19:00:26.202521,3.0,0.5929412245750427,20260420_19_00_20_0602_M2.wav,20260420,mic
2,2026-04-20T14:42:43.886379,2026-04-20T14:42:44.046706,3.0,0.5718380212783813,20260420_14_42_42_0106_M2.wav,20260420,mic
2,2026-04-20T14:44:04.720939,2026-04-20T14:44:05.596538,3.0,0.5585393309593201,20260420_14_44_04_0713_M2.wav,20260420,mic
2,2026-04-20T14:45:08.328502,2026-04-20T14:45:08.533961,3.0,0.5560111403465271,20260420_14_45_01_0272_M2.wav,20260420,mic
2,2026-04-20T14:21:43.284354,2026-04-20T14:21:43.758945,3.0,0.5347245335578918,20260420_14_21_39_0856_M2.wav,20260420,mic
2,2026-04-20T14:21:43.666496,2026-04-20T14:21:44.161710,3.0,0.5287786722183228,20260420_14_21_41_0650_M2.wav,20260420,mic
2,2026-04-20T14:22:06.608506,2026-04-20T14:22:07.020000,3.0,0.5169557929039001,20260420_14_21_57_0205_M2.wav,20260420,mic
2,2026-04-20T14:44:16.565252,2026-04-20T14:44:19.067005,3.0,0.5107686519622803,20260420_14_44_10_0327_M2.wav,20260420,mic
2,2026-04-20T14:36:34.647160,2026-04-20T14:36:34.803860,3.0,0.5087786316871643,20260420_14_36_32_0800_M2.wav,20260420,mic
2,2026-04-20T14:33:41.157078,2026-04-20T14:33:42.006000,3.0,0.4878242313861847,20260420_14_33_32_0060_M2.wav,20260420,mic
2,2026-04-20T14:21:37.929208,2026-04-20T14:21:38.422424,3.0,0.48702675104141235,20260420_14_21_31_0081_M2.wav,20260420,mic
2,2026-04-20T19:00:21.313611,2026-04-20T19:00:21.495658,3.0,0.4745106101036072,20260420_19_00_20_0602_M2.wav,20260420,mic
2,2026-04-20T14:21:54.066000,2026-04-20T14:21:56.656962,3.0,0.4554734528064728,20260420_14_21_54_0669_M2.wav,20260420,mic
2,2026-04-20T14:40:38.039096,2026-04-20T14:40:38.372564,3.0,0.4415130913257599,20260420_14_40_37_0158_M2.wav,20260420,mic
2,2026-04-20T19:01:11.647365,2026-04-20T19:01:11.992805,3.0,0.4406883418560028,20260420_19_01_02_0214_M2.wav,20260420,mic
2,2026-04-20T14:35:16.349037,2026-04-20T14:35:17.155824,3.0,0.43931859731674194,20260420_14_35_11_0700_M2.wav,20260420,mic
2,2026-04-20T19:00:56.554569,2026-04-20T19:00:56.723810,3.0,0.43287843465805054,20260420_19_00_53_0546_M2.wav,20260420,mic
2,2026-04-20T19:01:09.420902,2026-04-20T19:01:09.873221,3.0,0.41797590255737305,20260420_19_01_06_0529_M2.wav,20260420,mic
2,2026-04-20T14:34:37.006000,2026-04-20T14:34:40.597569,3.0,0.4097211956977844,20260420_14_34_37_0067_M2.wav,20260420,mic
2,2026-04-20T19:01:02.938414,2026-04-20T19:01:03.684528,3.0,0.4081576466560364,20260420_19_00_57_0871_M2.wav,20260420,mic
2,2026-04-20T14:21:55.741891,2026-04-20T14:21:56.199105,3.0,0.40657293796539307,20260420_14_21_54_0669_M2.wav,20260420,mic
2,2026-04-20T14:24:08.252623,2026-04-20T14:24:12.069241,3.0,0.40271851420402527,20260420_14_24_02_0743_M2.wav,20260420,mic
2,2026-04-20T14:21:38.434786,2026-04-20T14:21:38.872812,3.0,0.39876627922058105,20260420_14_21_36_0644_M2.wav,20260420,mic
2,2026-04-20T14:25:05.274328,2026-04-20T14:25:06.451384,3.0,0.3937879204750061,20260420_14_24_59_0022_M2.wav,20260420,mic
2,2026-04-20T14:30:13.600604,2026-04-20T14:30:13.758020,3.0,0.38860875368118286,20260420_14_30_06_0748_M2.wav,20260420,mic
2,2026-04-20T14:27:02.422748,2026-04-20T14:27:05.927504,3.0,0.3638460040092468,20260420_14_26_56_0009_M2.wav,20260420,mic
2,2026-04-20T14:36:34.447952,2026-04-20T14:36:34.604122,3.0,0.3630973696708679,20260420_14_36_29_0728_M2.wav,20260420,mic
2,2026-04-20T19:07:19.028377,2026-04-20T19:07:21.308572,3.0,0.35839343070983887,20260420_19_07_19_0242_M2.wav,20260420,mic
2,2026-04-20T14:22:11.063500,2026-04-20T14:22:13.654409,3.0,0.3501718044281006,20260420_14_22_07_0641_M2.wav,20260420,mic
2,2026-04-20T14:40:38.754582,2026-04-20T14:40:40.983022,3.0,0.31584417819976807,20260420_14_40_31_0437_M2.wav,20260420,mic
2,2026-04-20T19:00:53.833069,2026-04-20T19:00:54.002554,3.0,0.30923065543174744,20260420_19_00_47_0202_M2.wav,20260420,mic
2,2026-04-20T19:00:55.889005,2026-04-20T19:00:56.387175,3.0,0.3082217574119568,20260420_19_00_47_0202_M2.wav,20260420,mic
2,2026-04-20T19:00:54.160431,2026-04-20T19:00:54.927442,3.0,0.3073103427886963,20260420_19_00_53_0546_M2.wav,20260420,mic
2,2026-04-20T19:01:25.036442,2026-04-20T19:01:26.102817,3.0,0.3068549335002899,20260420_19_01_19_0539_M2.wav,20260420,mic
2,2026-04-20T19:18:46.697344,2026-04-20T19:18:47.229814,3.0,0.3063057065010071,20260420_19_18_45_0621_M2.wav,20260420,mic
2,2026-04-20T19:01:07.682844,2026-04-20T19:01:07.975385,3.0,0.30609583854675293,20260420_19_01_02_0214_M2.wav,20260420,mic
2,2026-04-20T14:37:18.328548,2026-04-20T14:37:18.458220,3.0,0.30298227071762085,20260420_14_37_16_0201_M2.wav,20260420,mic
2,2026-04-20T14:21:44.357893,2026-04-20T14:21:44.899576,3.0,0.29613620042800903,20260420_14_21_44_0193_M2.wav,20260420,mic
2,2026-04-20T14:35:42.674204,2026-04-20T14:35:43.001727,3.0,0.2887173295021057,20260420_14_35_33_0416_M2.wav,20260420,mic
2,2026-04-20T14:26:16.874278,2026-04-20T14:26:19.823039,3.0,0.2826257348060608,20260420_14_26_14_0242_M2.wav,20260420,mic
2,2026-04-20T19:01:02.123667,2026-04-20T19:01:04.884415,3.0,0.2823084592819214,20260420_19_01_02_0214_M2.wav,20260420,mic
2,2026-04-20T14:35:43.851263,2026-04-20T14:35:44.162051,3.0,0.27031898498535156,20260420_14_35_42_0098_M2.wav,20260420,mic
2,2026-04-20T14:21:47.928556,2026-04-20T14:21:48.333361,3.0,0.26890766620635986,20260420_14_21_41_0650_M2.wav,20260420,mic
2,2026-04-20T19:06:15.847544,2026-04-20T19:06:16.007670,3.0,0.25478917360305786,20260420_19_06_09_0863_M2.wav,20260420,mic
2,2026-04-20T14:33:06.486322,2026-04-20T14:33:09.956776,3.0,0.24587476253509521,20260420_14_33_00_0296_M2.wav,20260420,mic
2,2026-04-20T14:44:49.972677,2026-04-20T14:44:50.805675,3.0,0.24210748076438904,20260420_14_44_45_0173_M2.wav,20260420,mic
2,2026-04-20T19:10:51.455177,2026-04-20T19:10:52.711925,3.0,0.24159997701644897,20260420_19_10_47_0433_M2.wav,20260420,mic
2,2026-04-20T14:21:49.014714,2026-04-20T14:21:49.378178,3.0,0.24148991703987122,20260420_14_21_46_0000_M2.wav,20260420,mic
2,2026-04-20T14:21:47.513916,2026-04-20T14:21:47.923141,3.0,0.24103495478630066,20260420_14_21_39_0856_M2.wav,20260420,mic
2,2026-04-20T14:41:20.885528,2026-04-20T14:41:22.723884,3.0,0.22841963171958923,20260420_14_41_19_0191_M2.wav,20260420,mic
2,2026-04-20T14:32:53.001000,2026-04-20T14:32:56.121258,3.0,0.225184828042984,20260420_14_32_53_0013_M2.wav,20260420,mic
2,2026-04-20T14:28:59.629909,2026-04-20T14:28:59.756356,3.0,0.2200075387954712,20260420_14_28_57_0385_M2.wav,20260420,mic
2,2026-04-20T14:22:04.895710,2026-04-20T14:22:06.047279,3.0,0.21913787722587585,20260420_14_22_03_0321_M2.wav,20260420,mic
2,2026-04-20T19:14:18.435669,2026-04-20T19:14:22.737907,3.0,0.21003061532974243,20260420_19_14_16_0348_M2.wav,20260420,mic
2,2026-04-20T14:22:03.873693,2026-04-20T14:22:04.229816,3.0,0.20881083607673645,20260420_14_22_03_0321_M2.wav,20260420,mic
2,2026-04-20T19:01:18.756875,2026-04-20T19:01:19.676914,3.0,0.20153656601905823,20260420_19_01_10_0870_M2.wav,20260420,mic
2,2026-04-20T14:27:14.545331,2026-04-20T14:27:14.623499,3.0,0.18986469507217407,20260420_14_27_14_0928_M2.wav,20260420,mic
2,2026-04-20T14:45:09.140025,2026-04-20T14:45:09.518107,3.0,0.18616968393325806,20260420_14_45_02_0532_M2.wav,20260420,mic
2,2026-04-20T19:01:06.788104,2026-04-20T19:01:07.076957,3.0,0.1855890154838562,20260420_19_00_57_0871_M2.wav,20260420,mic
2,2026-04-20T19:06:16.719028,2026-04-20T19:06:16.875226,3.0,0.18167728185653687,20260420_19_06_14_0216_M2.wav,20260420,mic
2,2026-04-20T14:33:15.231771,2026-04-20T14:33:15.345196,3.0,0.1809641718864441,20260420_14_33_13_0333_M2.wav,20260420,mic
2,2026-04-20T19:06:18.052000,2026-04-20T19:06:20.442790,3.0,0.17918699979782104,20260420_19_06_18_0528_M2.wav,20260420,mic
2,2026-04-20T14:27:26.916271,2026-04-20T14:27:27.512481,3.0,0.17599177360534668,20260420_14_27_22_0030_M2.wav,20260420,mic
2,2026-04-20T19:14:58.994223,2026-04-20T19:15:00.939552,3.0,0.17414671182632446,20260420_19_14_51_0068_M2.wav,20260420,mic
2,2026-04-20T14:33:07.976583,2026-04-20T14:33:08.350196,3.0,0.17408883571624756,20260420_14_33_01_0705_M2.wav,20260420,mic
2,2026-04-20T14:21:52.087000,2026-04-20T14:21:53.125504,3.0,0.16775453090667725,20260420_14_21_52_0879_M2.wav,20260420,mic
2,2026-04-20T19:03:10.989359,2026-04-20T19:03:13.215465,3.0,0.16407209634780884,20260420_19_03_07_0802_M2.wav,20260420,mic
2,2026-04-20T14:25:37.196500,2026-04-20T14:25:38.877163,3.0,0.16175797581672668,20260420_14_25_31_0013_M2.wav,20260420,mic
2,2026-04-20T14:21:55.600026,2026-04-20T14:21:55.883509,3.0,0.15956950187683105,20260420_14_21_50_0358_M2.wav,20260420,mic
2,2026-04-20T14:26:23.170366,2026-04-20T14:26:24.024000,3.0,0.15948528051376343,20260420_14_26_14_0242_M2.wav,20260420,mic
2,2026-04-20T14:21:50.174607,2026-04-20T14:21:50.765939,3.0,0.15860402584075928,20260420_14_21_50_0358_M2.wav,20260420,mic
2,2026-04-20T14:43:18.045707,2026-04-20T14:43:18.188670,3.0,0.15474238991737366,20260420_14_43_09_0438_M2.wav,20260420,mic
2,2026-04-20T19:02:52.636498,2026-04-20T19:02:52.989281,3.0,0.15350863337516785,20260420_19_02_50_0449_M2.wav,20260420,mic
2,2026-04-20T14:28:09.545451,2026-04-20T14:28:09.693832,3.0,0.1521858274936676,20260420_14_28_05_0379_M2.wav,20260420,mic
2,2026-04-20T14:43:24.240185,2026-04-20T14:43:27.967733,3.0,0.15089726448059082,20260420_14_43_18_0134_M2.wav,20260420,mic
2,2026-04-20T14:30:14.214264,2026-04-20T14:30:14.384857,3.0,0.14494532346725464,20260420_14_30_08_0312_M2.wav,20260420,mic
2,2026-04-20T14:42:42.880439,2026-04-20T14:42:43.042610,3.0,0.14474162459373474,20260420_14_42_38_0979_M2.wav,20260420,mic
2,2026-04-20T19:11:17.855639,2026-04-20T19:11:18.863738,3.0,0.14250099658966064,20260420_19_11_17_0829_M2.wav,20260420,mic
2,2026-04-20T19:13:19.495778,2026-04-20T19:13:19.618815,3.0,0.14218714833259583,20260420_19_13_15_0586_M2.wav,20260420,mic
2,2026-04-20T14:44:56.806512,2026-04-20T14:44:57.992659,3.0,0.1419580578804016,20260420_14_44_49_0505_M2.wav,20260420,mic
2,2026-04-20T14:42:53.666972,2026-04-20T14:42:56.995385,3.0,0.14178720116615295,20260420_14_42_47_0701_M2.wav,20260420,mic
2,2026-04-20T14:43:46.788737,2026-04-20T14:43:48.570029,3.0,0.14108282327651978,20260420_14_43_44_0253_M2.wav,20260420,mic
2,2026-04-20T19:02:32.914476,2026-04-20T19:02:33.819430,3.0,0.14024505019187927,20260420_19_02_28_0829_M2.wav,20260420,mic
2,2026-04-20T19:02:07.847106,2026-04-20T19:02:07.980439,3.0,0.1387750208377838,20260420_19_01_58_0456_M2.wav,20260420,mic
2,2026-04-20T19:02:05.138495,2026-04-20T19:02:05.600192,3.0,0.12796005606651306,20260420_19_01_58_0456_M2.wav,20260420,mic
2,2026-04-20T14:26:30.757487,2026-04-20T14:26:31.717325,3.0,0.1267339289188385,20260420_14_26_27_0233_M2.wav,20260420,mic
2,2026-04-20T14:27:19.574021,2026-04-20T14:27:22.859507,3.0,0.12589669227600098,20260420_14_27_17_0706_M2.wav,20260420,mic
2,2026-04-20T14:40:56.741811,2026-04-20T14:40:57.094877,3.0,0.12507164478302002,20260420_14_40_50_0173_M2.wav,20260420,mic
2,2026-04-20T14:43:22.669031,2026-04-20T14:43:22.954558,3.0,0.12355497479438782,20260420_14_43_22_0476_M2.wav,20260420,mic
2,2026-04-20T19:01:00.474695,2026-04-20T19:01:00.901967,3.0,0.12266254425048828,20260420_19_00_57_0871_M2.wav,20260420,mic
2,2026-04-20T19:01:06.121873,2026-04-20T19:01:06.326083,3.0,0.11989456415176392,20260420_19_01_06_0529_M2.wav,20260420,mic
2,2026-04-20T14:41:16.021000,2026-04-20T14:41:19.168787,3.0,0.11599215865135193,20260420_14_41_16_0215_M2.wav,20260420,mic
2,2026-04-20T14:21:33.372608,2026-04-20T14:21:33.796067,3.0,0.1148141622543335,20260420_14_21_31_0081_M2.wav,20260420,mic
2,2026-04-20T14:24:25.632085,2026-04-20T14:24:28.271005,3.0,0.11075526475906372,20260420_14_24_21_0771_M2.wav,20260420,mic
2,2026-04-20T19:05:27.989304,2026-04-20T19:05:28.148666,3.0,0.10783085227012634,20260420_19_05_22_0157_M2.wav,20260420,mic
2,2026-04-20T14:31:14.061012,2026-04-20T14:31:15.220947,3.0,0.10654759407043457,20260420_14_31_13_0281_M2.wav,20260420,mic
2,2026-04-20T19:01:13.062508,2026-04-20T19:01:13.288603,3.0,0.10095113515853882,20260420_19_01_06_0529_M2.wav,20260420,mic
2,2026-04-20T14:37:17.046086,2026-04-20T14:37:17.169384,3.0,0.10036954283714294,20260420_14_37_08_0813_M2.wav,20260420,mic
2,2026-04-20T14:40:37.007682,2026-04-20T14:40:37.338802,2.0,0.7130982875823975,20260420_14_40_32_0827_M2.wav,20260420,mic
2,2026-04-20T14:44:24.088196,2026-04-20T14:44:24.460969,2.0,0.7048821449279785,20260420_14_44_22_0071_M2.wav,20260420,mic
2,2026-04-20T14:44:01.036971,2026-04-20T14:44:02.044239,2.0,0.7042346000671387,20260420_14_43_52_0969_M2.wav,20260420,mic
2,2026-04-20T14:44:22.983096,2026-04-20T14:44:23.361523,2.0,0.6723655462265015,20260420_14_44_18_0997_M2.wav,20260420,mic
2,2026-04-20T14:23:48.067688,2026-04-20T14:23:48.797404,2.0,0.6687019467353821,20260420_14_23_41_0097_M2.wav,20260420,mic
2,2026-04-20T14:22:23.422172,2026-04-20T14:22:23.636148,2.0,0.6370244026184082,20260420_14_22_18_0870_M2.wav,20260420,mic
2,2026-04-20T14:24:52.224132,2026-04-20T14:24:52.448160,2.0,0.620609700679779,20260420_14_24_50_0364_M2.wav,20260420,mic
2,2026-04-20T14:44:22.804822,2026-04-20T14:44:23.017642,2.0,0.5752641558647156,20260420_14_44_13_0381_M2.wav,20260420,mic
2,2026-04-20T14:22:23.847088,2026-04-20T14:22:24.065345,2.0,0.5631262063980103,20260420_14_22_20_0620_M2.wav,20260420,mic
2,2026-04-20T14:43:45.905913,2026-04-20T14:43:47.752289,2.0,0.5495272874832153,20260420_14_43_42_0984_M2.wav,20260420,mic
2,2026-04-20T14:40:59.646141,2026-04-20T14:40:59.858160,2.0,0.5381665229797363,20260420_14_40_54_0531_M2.wav,20260420,mic
2,2026-04-20T19:03:19.187409,2026-04-20T19:03:19.524564,2.0,0.5342214703559875,20260420_19_03_16_0462_M2.wav,20260420,mic
2,2026-04-20T19:01:11.605017,2026-04-20T19:01:11.936856,2.0,0.5278199315071106,20260420_19_01_10_0870_M2.wav,20260420,mic
2,2026-04-20T14:24:52.728436,2026-04-20T14:24:52.949129,2.0,0.5268370509147644,20260420_14_24_52_0045_M2.wav,20260420,mic
2,2026-04-20T14:22:11.489956,2026-04-20T14:22:12.534177,2.0,0.5246384739875793,20260420_14_22_07_0641_M2.wav,20260420,mic
2,2026-04-20T19:11:19.301015,2026-04-20T19:11:19.579791,2.0,0.5065656900405884,20260420_19_11_17_0829_M2.wav,20260420,mic
2,2026-04-20T14:22:24.469378,2026-04-20T14:22:24.690843,2.0,0.490242063999176,20260420_14_22_23_0194_M2.wav,20260420,mic
2,2026-04-20T14:24:51.555736,2026-04-20T14:24:51.774531,2.0,0.48477762937545776,20260420_14_24_43_0404_M2.wav,20260420,mic
2,2026-04-20T14:22:23.695834,2026-04-20T14:22:23.929921,2.0,0.4662935137748718,20260420_14_22_16_0303_M2.wav,20260420,mic
2,2026-04-20T14:22:12.209534,2026-04-20T14:22:13.239534,2.0,0.4515388309955597,20260420_14_22_10_0193_M2.wav,20260420,mic
2,2026-04-20T14:24:51.652835,2026-04-20T14:24:52.035592,2.0,0.4179965555667877,20260420_14_24_47_0738_M2.wav,20260420,mic
2,2026-04-20T19:01:07.665710,2026-04-20T19:01:07.959013,2.0,0.4146021008491516,20260420_19_01_06_0529_M2.wav,20260420,mic
2,2026-04-20T14:44:02.182395,2026-04-20T14:44:02.845654,2.0,0.41229304671287537,20260420_14_43_57_0309_M2.wav,20260420,mic
2,2026-04-20T19:01:22.827675,2026-04-20T19:01:23.101718,2.0,0.3905596137046814,20260420_19_01_15_0185_M2.wav,20260420,mic
2,2026-04-20T14:35:33.285538,2026-04-20T14:35:33.624504,2.0,0.3804242014884949,20260420_14_35_32_0077_M2.wav,20260420,mic
2,2026-04-20T14:35:32.207710,2026-04-20T14:35:32.577405,2.0,0.3630203604698181,20260420_14_35_27_0753_M2.wav,20260420,mic
2,2026-04-20T14:40:37.266491,2026-04-20T14:40:37.574151,2.0,0.36012768745422363,20260420_14_40_35_0795_M2.wav,20260420,mic
2,2026-04-20T19:01:13.113207,2026-04-20T19:01:13.443294,2.0,0.35955166816711426,20260420_19_01_10_0870_M2.wav,20260420,mic
2,2026-04-20T14:23:47.465507,2026-04-20T14:23:48.048508,2.0,0.3512882590293884,20260420_14_23_38_0511_M2.wav,20260420,mic
2,2026-04-20T14:35:31.959092,2026-04-20T14:35:32.251800,2.0,0.3208867907524109,20260420_14_35_24_0733_M2.wav,20260420,mic
2,2026-04-20T14:23:48.687886,2026-04-20T14:23:49.447703,2.0,0.3208410441875458,20260420_14_23_47_0172_M2.wav,20260420,mic
2,2026-04-20T14:43:21.595108,2026-04-20T14:43:21.916929,2.0,0.3042715787887573,20260420_14_43_16_0879_M2.wav,20260420,mic
2,2026-04-20T14:43:22.503541,2026-04-20T14:43:22.818083,2.0,0.30382299423217773,20260420_14_43_18_0134_M2.wav,20260420,mic
2,2026-04-20T14:22:23.270257,2026-04-20T14:22:23.498236,2.0,0.29932916164398193,20260420_14_22_14_0516_M2.wav,20260420,mic
2,2026-04-20T14:44:04.755245,2026-04-20T14:44:05.252422,2.0,0.27262669801712036,20260420_14_44_04_0713_M2.wav,20260420,mic
2,2026-04-20T19:01:21.590690,2026-04-20T19:01:21.794150,2.0,0.2712147831916809,20260420_19_01_15_0185_M2.wav,20260420,mic
2,2026-04-20T14:35:43.082092,2026-04-20T14:35:43.402524,2.0,0.2696087062358856,20260420_14_35_40_0748_M2.wav,20260420,mic
2,2026-04-20T14:45:08.248403,2026-04-20T14:45:08.594867,2.0,0.2625422477722168,20260420_14_45_01_0272_M2.wav,20260420,mic
2,2026-04-20T14:21:42.988769,2026-04-20T14:21:43.464094,2.0,0.2592291235923767,20260420_14_21_36_0644_M2.wav,20260420,mic
2,2026-04-20T14:40:38.051704,2026-04-20T14:40:38.274172,2.0,0.2501433491706848,20260420_14_40_37_0158_M2.wav,20260420,mic
2,2026-04-20T14:25:57.814350,2026-04-20T14:25:58.052853,2.0,0.24389931559562683,20260420_14_25_52_0621_M2.wav,20260420,mic
2,2026-04-20T19:00:53.798167,2026-04-20T19:00:54.054556,2.0,0.22777464985847473,20260420_19_00_47_0202_M2.wav,20260420,mic
2,2026-04-20T19:00:56.252963,2026-04-20T19:00:56.412959,2.0,0.22185340523719788,20260420_19_00_47_0202_M2.wav,20260420,mic
2,2026-04-20T14:43:47.290152,2026-04-20T14:43:47.541033,2.0,0.20229139924049377,20260420_14_43_44_0253_M2.wav,20260420,mic
2,2026-04-20T14:25:57.970064,2026-04-20T14:25:58.360773,2.0,0.1915203332901001,20260420_14_25_56_0941_M2.wav,20260420,mic
2,2026-04-20T19:13:11.050843,2026-04-20T19:13:14.471762,2.0,0.16591563820838928,20260420_19_13_11_0262_M2.wav,20260420,mic
2,2026-04-20T19:13:20.227827,2026-04-20T19:13:20.416231,2.0,0.15841594338417053,20260420_19_13_15_0586_M2.wav,20260420,mic
2,2026-04-20T14:40:59.866903,2026-04-20T14:41:00.164551,2.0,0.15213832259178162,20260420_14_40_57_0494_M2.wav,20260420,mic
2,2026-04-20T14:28:37.714824,2026-04-20T14:28:37.882033,2.0,0.15200161933898926,20260420_14_28_35_0715_M2.wav,20260420,mic
2,2026-04-20T14:40:59.769220,2026-04-20T14:40:59.984009,2.0,0.150186687707901,20260420_14_40_53_0164_M2.wav,20260420,mic
2,2026-04-20T14:35:33.050013,2026-04-20T14:35:33.295242,2.0,0.14582204818725586,20260420_14_35_29_0088_M2.wav,20260420,mic
2,2026-04-20T14:44:04.426047,2026-04-20T14:44:04.985188,2.0,0.14150407910346985,20260420_14_43_56_0016_M2.wav,20260420,mic
2,2026-04-20T14:31:22.499139,2026-04-20T14:31:25.943007,2.0,0.13797858357429504,20260420_14_31_16_0118_M2.wav,20260420,mic
2,2026-04-20T14:22:14.529240,2026-04-20T14:22:14.770245,2.0,0.13663586974143982,20260420_14_22_14_0516_M2.wav,20260420,mic
2,2026-04-20T19:00:56.521565,2026-04-20T19:00:56.784340,2.0,0.13128501176834106,20260420_19_00_53_0546_M2.wav,20260420,mic
2,2026-04-20T14:43:47.446289,2026-04-20T14:43:47.660471,2.0,0.13051745295524597,20260420_14_43_47_0337_M2.wav,20260420,mic
2,2026-04-20T14:25:58.367501,2026-04-20T14:25:58.563096,2.0,0.1226469874382019,20260420_14_25_55_0373_M2.wav,20260420,mic
2,2026-04-20T14:31:04.125781,2026-04-20T14:31:04.930916,2.0,0.12249419093132019,20260420_14_31_04_0641_M2.wav,20260420,mic
2,2026-04-20T14:41:52.696581,2026-04-20T14:41:52.897957,2.0,0.12098428606987,20260420_14_41_51_0003_M2.wav,20260420,mic
2,2026-04-20T19:18:13.579129,2026-04-20T19:18:13.886155,2.0,0.11813533306121826,20260420_19_18_06_0487_M2.wav,20260420,mic
2,2026-04-20T14:45:09.146318,2026-04-20T14:45:09.382389,2.0,0.11696198582649231,20260420_14_45_02_0532_M2.wav,20260420,mic
2,2026-04-20T19:15:25.093024,2026-04-20T19:15:28.824927,2.0,0.11645135283470154,20260420_19_15_25_0831_M2.wav,20260420,mic
2,2026-04-20T19:01:18.392727,2026-04-20T19:01:18.688295,2.0,0.11598777770996094,20260420_19_01_15_0185_M2.wav,20260420,mic
2,2026-04-20T14:27:17.070000,2026-04-20T14:27:18.561520,2.0,0.1157463788986206,20260420_14_27_17_0706_M2.wav,20260420,mic
2,2026-04-20T14:28:38.384179,2026-04-20T14:28:38.553468,2.0,0.1150372326374054,20260420_14_28_37_0205_M2.wav,20260420,mic
2,2026-04-20T14:43:46.402111,2026-04-20T14:43:46.659900,2.0,0.11315995454788208,20260420_14_43_42_0984_M2.wav,20260420,mic
2,2026-04-20T19:02:23.663675,2026-04-20T19:02:23.917030,2.0,0.11237141489982605,20260420_19_02_20_0165_M2.wav,20260420,mic
2,2026-04-20T14:21:50.539506,2026-04-20T14:21:50.900866,2.0,0.10981157422065735,20260420_14_21_50_0358_M2.wav,20260420,mic
2,2026-04-20T19:09:20.108799,2026-04-20T19:09:23.714509,2.0,0.10387629270553589,20260420_19_09_20_0670_M2.wav,20260420,mic
2,2026-04-20T14:44:05.443158,2026-04-20T14:44:06.022057,2.0,0.10134631395339966,20260420_14_44_05_0973_M2.wav,20260420,mic
2,2026-04-20T19:09:46.091971,2026-04-20T19:09:49.722736,2.0,0.10078191757202148,20260420_19_09_46_0703_M2.wav,20260420,mic
2,2026-04-20T14:21:45.832466,2026-04-20T14:21:49.085000,8.0,0.2789405286312103,20260420_14_21_39_0856_M2.wav,20260420,mic
2,2026-04-20T14:28:49.154768,2026-04-20T14:28:54.981883,8.0,0.1491963267326355,20260420_14_28_45_0879_M2.wav,20260420,mic
2,2026-04-20T19:02:22.140363,2026-04-20T19:02:23.548070,8.0,0.12853911519050598,20260420_19_02_15_0829_M2.wav,20260420,mic
2,2026-04-20T19:01:02.243655,2026-04-20T19:01:08.965602,8.0,0.11422911286354065,20260420_19_01_02_0214_M2.wav,20260420,mic
2,2026-04-20T19:17:08.893138,2026-04-20T19:17:11.039486,6.0,0.9531785249710083,20260420_19_17_01_0419_M2.wav,20260420,mic
2,2026-04-20T14:24:23.118029,2026-04-20T14:24:25.029518,6.0,0.9528075456619263,20260420_14_24_15_0764_M2.wav,20260420,mic
2,2026-04-20T19:18:08.019929,2026-04-20T19:18:10.703746,6.0,0.9336985945701599,20260420_19_18_06_0487_M2.wav,20260420,mic
2,2026-04-20T14:26:51.416018,2026-04-20T14:26:54.045238,6.0,0.9332902431488037,20260420_14_26_44_0581_M2.wav,20260420,mic
2,2026-04-20T14:41:24.090000,2026-04-20T14:41:26.513663,6.0,0.9135867357254028,20260420_14_41_24_0902_M2.wav,20260420,mic
2,2026-04-20T14:36:22.553878,2026-04-20T14:36:25.041000,6.0,0.9104471206665039,20260420_14_36_15_0418_M2.wav,20260420,mic
2,2026-04-20T14:40:34.675044,2026-04-20T14:40:37.009000,6.0,0.9041258096694946,20260420_14_40_27_0097_M2.wav,20260420,mic
2,2026-04-20T19:16:13.081008,2026-04-20T19:16:15.240024,6.0,0.8996576070785522,20260420_19_16_13_0587_M2.wav,20260420,mic
2,2026-04-20T14:41:39.881669,2026-04-20T14:41:41.977820,6.0,0.8930272459983826,20260420_14_41_32_0262_M2.wav,20260420,mic
2,2026-04-20T14:40:50.017000,2026-04-20T14:40:52.586852,6.0,0.8607608079910278,20260420_14_40_50_0173_M2.wav,20260420,mic
2,2026-04-20T19:15:43.019000,2026-04-20T19:15:45.037671,6.0,0.8586153984069824,20260420_19_15_43_0195_M2.wav,20260420,mic
2,2026-04-20T19:04:51.080000,2026-04-20T19:04:53.096852,6.0,0.8576476573944092,20260420_19_04_51_0801_M2.wav,20260420,mic
2,2026-04-20T14:41:33.133537,2026-04-20T14:41:35.373612,6.0,0.843186616897583,20260420_14_41_33_0621_M2.wav,20260420,mic
2,2026-04-20T19:07:09.115566,2026-04-20T19:07:11.075063,6.0,0.839724063873291,20260420_19_07_01_0906_M2.wav,20260420,mic
2,2026-04-20T14:38:44.036000,2026-04-20T14:38:46.200643,6.0,0.8356615900993347,20260420_14_38_44_0364_M2.wav,20260420,mic
2,2026-04-20T19:04:08.044000,2026-04-20T19:04:10.176392,6.0,0.8081365823745728,20260420_19_04_08_0444_M2.wav,20260420,mic
2,2026-04-20T14:28:27.889725,2026-04-20T14:28:28.997808,6.0,0.8064632415771484,20260420_14_28_19_0887_M2.wav,20260420,mic
2,2026-04-20T14:43:10.938351,2026-04-20T14:43:13.058996,6.0,0.794103741645813,20260420_14_43_03_0853_M2.wav,20260420,mic
2,2026-04-20T19:16:33.766910,2026-04-20T19:16:36.054129,6.0,0.7832051515579224,20260420_19_16_26_0596_M2.wav,20260420,mic
2,2026-04-20T19:12:22.478586,2026-04-20T19:12:25.023748,6.0,0.7824921011924744,20260420_19_12_22_0905_M2.wav,20260420,mic
2,2026-04-20T19:05:04.422637,2026-04-20T19:05:05.941909,6.0,0.7816307544708252,20260420_19_04_56_0142_M2.wav,20260420,mic
2,2026-04-20T14:28:42.812846,2026-04-20T14:28:45.071000,6.0,0.7801756262779236,20260420_14_28_35_0715_M2.wav,20260420,mic
2,2026-04-20T14:42:18.251839,2026-04-20T14:42:20.782919,6.0,0.7785565853118896,20260420_14_42_17_0059_M2.wav,20260420,mic
2,2026-04-20T14:40:06.080000,2026-04-20T14:40:08.203018,6.0,0.7749795913696289,20260420_14_40_06_0802_M2.wav,20260420,mic
2,2026-04-20T14:41:29.032145,2026-04-20T14:41:31.024548,6.0,0.7694228887557983,20260420_14_41_29_0277_M2.wav,20260420,mic
2,2026-04-20T14:34:07.395914,2026-04-20T14:34:08.006000,6.0,0.7601641416549683,20260420_14_33_58_0068_M2.wav,20260420,mic
2,2026-04-20T14:41:32.093227,2026-04-20T14:41:34.016338,6.0,0.7544453144073486,20260420_14_41_24_0902_M2.wav,20260420,mic
2,2026-04-20T14:40:22.588344,2026-04-20T14:40:23.591295,6.0,0.750119686126709,20260420_14_40_22_0777_M2.wav,20260420,mic
2,2026-04-20T14:35:21.715321,2026-04-20T14:35:24.075000,6.0,0.748456597328186,20260420_14_35_14_0750_M2.wav,20260420,mic
2,2026-04-20T19:03:29.117896,2026-04-20T19:03:30.569717,6.0,0.7406412363052368,20260420_19_03_25_0118_M2.wav,20260420,mic
2,2026-04-20T19:03:28.253552,2026-04-20T19:03:29.761185,6.0,0.7389752864837646,20260420_19_03_20_0806_M2.wav,20260420,mic
2,2026-04-20T14:40:19.081000,2026-04-20T14:40:21.289721,6.0,0.7386714816093445,20260420_14_40_19_0814_M2.wav,20260420,mic
2,2026-04-20T14:40:37.265837,2026-04-20T14:40:38.050000,6.0,0.7136130928993225,20260420_14_40_28_0501_M2.wav,20260420,mic
2,2026-04-20T14:35:31.550174,2026-04-20T14:35:33.306895,6.0,0.7094990015029907,20260420_14_35_29_0088_M2.wav,20260420,mic
2,2026-04-20T14:24:08.542737,2026-04-20T14:24:10.013000,6.0,0.6964387893676758,20260420_14_24_00_0132_M2.wav,20260420,mic
2,2026-04-20T14:42:20.006000,2026-04-20T14:42:22.028694,6.0,0.6917916536331177,20260420_14_42_20_0063_M2.wav,20260420,mic
2,2026-04-20T14:36:37.027062,2026-04-20T14:36:39.575712,6.0,0.689379096031189,20260420_14_36_37_0138_M2.wav,20260420,mic
2,2026-04-20T19:03:20.080000,2026-04-20T19:03:22.204684,6.0,0.6861581206321716,20260420_19_03_20_0806_M2.wav,20260420,mic
2,2026-04-20T14:41:37.096000,2026-04-20T14:41:39.253629,6.0,0.6860533952713013,20260420_14_41_37_0967_M2.wav,20260420,mic
2,2026-04-20T14:44:58.020000,2026-04-20T14:45:00.223098,6.0,0.6689208149909973,20260420_14_44_58_0200_M2.wav,20260420,mic
2,2026-04-20T14:28:43.997490,2026-04-20T14:28:46.519952,6.0,0.6653599739074707,20260420_14_28_40_0038_M2.wav,20260420,mic
2,2026-04-20T14:31:12.729839,2026-04-20T14:31:13.962890,6.0,0.6579246520996094,20260420_14_31_04_0641_M2.wav,20260420,mic
2,2026-04-20T19:07:23.058000,2026-04-20T19:07:25.164560,6.0,0.6555582284927368,20260420_19_07_23_0585_M2.wav,20260420,mic
2,2026-04-20T14:39:20.770760,2026-04-20T14:39:23.035000,6.0,0.6445435285568237,20260420_14_39_13_0353_M2.wav,20260420,mic
2,2026-04-20T19:10:12.637003,2026-04-20T19:10:13.942614,6.0,0.6433905363082886,20260420_19_10_04_0045_M2.wav,20260420,mic
2,2026-04-20T14:43:25.931605,2026-04-20T14:43:27.974649,6.0,0.625954270362854,20260420_14_43_18_0134_M2.wav,20260420,mic
2,2026-04-20T19:12:49.054000,2026-04-20T19:12:51.352859,6.0,0.6226502656936646,20260420_19_12_49_0542_M2.wav,20260420,mic
2,2026-04-20T19:12:12.726958,2026-04-20T19:12:15.029657,6.0,0.6075130701065063,20260420_19_12_05_0541_M2.wav,20260420,mic
2,2026-04-20T19:03:59.151288,2026-04-20T19:04:01.011000,6.0,0.6057869791984558,20260420_19_03_51_0112_M2.wav,20260420,mic
2,2026-04-20T14:43:34.854474,2026-04-20T14:43:36.083000,6.0,0.5903867483139038,20260420_14_43_26_0837_M2.wav,20260420,mic
2,2026-04-20T14:41:51.741344,2026-04-20T14:41:52.841510,6.0,0.5879350304603577,20260420_14_41_49_0634_M2.wav,20260420,mic
2,2026-04-20T14:30:53.197733,2026-04-20T14:30:54.144362,6.0,0.5864474177360535,20260420_14_30_47_0301_M2.wav,20260420,mic
2,2026-04-20T14:24:43.040000,2026-04-20T14:24:44.713226,6.0,0.5723056793212891,20260420_14_24_43_0404_M2.wav,20260420,mic
2,2026-04-20T19:02:55.960726,2026-04-20T19:02:58.365935,6.0,0.5563296675682068,20260420_19_02_50_0449_M2.wav,20260420,mic
2,2026-04-20T14:41:30.751517,2026-04-20T14:41:33.052000,6.0,0.5560733079910278,20260420_14_41_23_0526_M2.wav,20260420,mic
2,2026-04-20T14:44:20.549159,2026-04-20T14:44:23.038000,6.0,0.5412575006484985,20260420_14_44_13_0381_M2.wav,20260420,mic
2,2026-04-20T14:40:52.632817,2026-04-20T14:40:55.036279,6.0,0.540721595287323,20260420_14_40_45_0843_M2.wav,20260420,mic
2,2026-04-20T19:18:16.921408,2026-04-20T19:18:19.526117,6.0,0.5392261147499084,20260420_19_18_15_0183_M2.wav,20260420,mic
2,2026-04-20T14:41:43.317489,2026-04-20T14:41:46.059000,6.0,0.5321717858314514,20260420_14_41_36_0592_M2.wav,20260420,mic
2,2026-04-20T14:22:24.819313,2026-04-20T14:22:27.433592,6.0,0.5176439881324768,20260420_14_22_20_0620_M2.wav,20260420,mic
2,2026-04-20T19:17:37.462054,2026-04-20T19:17:39.271862,6.0,0.5158564448356628,20260420_19_17_31_0767_M2.wav,20260420,mic
2,2026-04-20T19:13:50.029000,2026-04-20T19:13:52.047606,6.0,0.5155677795410156,20260420_19_13_50_0298_M2.wav,20260420,mic
2,2026-04-20T14:24:26.731349,2026-04-20T14:24:29.391152,6.0,0.5084701776504517,20260420_14_24_26_0096_M2.wav,20260420,mic
2,2026-04-20T19:05:24.827868,2026-04-20T19:05:27.070484,6.0,0.5055203437805176,20260420_19_05_17_0825_M2.wav,20260420,mic
2,2026-04-20T19:05:43.911637,2026-04-20T19:05:45.013000,6.0,0.5041810274124146,20260420_19_05_35_0134_M2.wav,20260420,mic
2,2026-04-20T19:16:07.962894,2026-04-20T19:16:09.974979,6.0,0.4948524832725525,20260420_19_16_00_0547_M2.wav,20260420,mic
2,2026-04-20T14:41:52.446358,2026-04-20T14:41:53.617423,6.0,0.4891059994697571,20260420_14_41_51_0003_M2.wav,20260420,mic
2,2026-04-20T14:41:58.396895,2026-04-20T14:42:00.425972,6.0,0.4866209924221039,20260420_14_41_53_0974_M2.wav,20260420,mic
2,2026-04-20T14:40:47.559408,2026-04-20T14:40:50.012000,6.0,0.4848648011684418,20260420_14_40_40_0127_M2.wav,20260420,mic
2,2026-04-20T14:44:17.113272,2026-04-20T14:44:19.386096,6.0,0.4755910634994507,20260420_14_44_17_0732_M2.wav,20260420,mic
2,2026-04-20T19:05:48.014000,2026-04-20T19:05:50.140170,6.0,0.4691901206970215,20260420_19_05_48_0143_M2.wav,20260420,mic
2,2026-04-20T14:40:14.009267,2026-04-20T14:40:16.524721,6.0,0.4672432243824005,20260420_14_40_14_0094_M2.wav,20260420,mic
2,2026-04-20T14:26:58.766177,2026-04-20T14:27:01.055586,6.0,0.45304349064826965,20260420_14_26_51_0686_M2.wav,20260420,mic
2,2026-04-20T14:35:23.073157,2026-04-20T14:35:25.548733,6.0,0.44140541553497314,20260420_14_35_23_0423_M2.wav,20260420,mic
2,2026-04-20T14:38:33.165674,2026-04-20T14:38:35.039145,6.0,0.43910765647888184,20260420_14_38_25_0636_M2.wav,20260420,mic
2,2026-04-20T14:25:56.094000,2026-04-20T14:25:58.235889,6.0,0.43088504672050476,20260420_14_25_56_0941_M2.wav,20260420,mic
2,2026-04-20T14:39:43.074000,2026-04-20T14:39:45.617024,6.0,0.4260139763355255,20260420_14_39_43_0745_M2.wav,20260420,mic
2,2026-04-20T19:01:05.188102,2026-04-20T19:01:07.087000,6.0,0.4253280758857727,20260420_19_00_57_0871_M2.wav,20260420,mic
2,2026-04-20T19:11:04.094884,2026-04-20T19:11:06.067952,6.0,0.42459139227867126,20260420_19_11_04_0840_M2.wav,20260420,mic
2,2026-04-20T14:41:55.114985,2026-04-20T14:41:57.439635,6.0,0.41907578706741333,20260420_14_41_51_0003_M2.wav,20260420,mic
2,2026-04-20T19:07:52.592813,2026-04-20T19:07:55.025000,6.0,0.4121650457382202,20260420_19_07_45_0254_M2.wav,20260420,mic
2,2026-04-20T14:38:31.036400,2026-04-20T14:38:33.167745,6.0,0.4100067913532257,20260420_14_38_31_0347_M2.wav,20260420,mic
2,2026-04-20T14:43:52.096000,2026-04-20T14:43:54.355837,6.0,0.4071665108203888,20260420_14_43_52_0969_M2.wav,20260420,mic
2,2026-04-20T19:12:34.267019,2026-04-20T19:12:36.883739,6.0,0.4006376266479492,20260420_19_12_31_0587_M2.wav,20260420,mic
2,2026-04-20T14:34:07.891620,2026-04-20T14:34:08.786291,6.0,0.40029987692832947,20260420_14_34_05_0377_M2.wav,20260420,mic
2,2026-04-20T14:39:23.042000,2026-04-20T14:39:25.468944,6.0,0.3987964689731598,20260420_14_39_23_0425_M2.wav,20260420,mic
2,2026-04-20T19:16:57.085705,2026-04-20T19:16:58.037000,6.0,0.3982466757297516,20260420_19_16_48_0375_M2.wav,20260420,mic
2,2026-04-20T14:25:57.825842,2026-04-20T14:25:58.211762,6.0,0.39689767360687256,20260420_14_25_52_0621_M2.wav,20260420,mic
2,2026-04-20T14:41:49.264591,2026-04-20T14:41:50.093000,6.0,0.3952096402645111,20260420_14_41_40_0930_M2.wav,20260420,mic
2,2026-04-20T19:04:56.014000,2026-04-20T19:04:58.201166,6.0,0.3898581862449646,20260420_19_04_56_0142_M2.wav,20260420,mic
2,2026-04-20T14:41:35.922156,2026-04-20T14:41:37.092000,6.0,0.38828974962234497,20260420_14_41_27_0921_M2.wav,20260420,mic
2,2026-04-20T14:24:03.679028,2026-04-20T14:24:04.869363,6.0,0.3796674311161041,20260420_14_23_55_0817_M2.wav,20260420,mic
2,2026-04-20T14:39:45.452808,2026-04-20T14:39:46.267969,6.0,0.36597657203674316,20260420_14_39_39_0391_M2.wav,20260420,mic
2,2026-04-20T19:03:12.014000,2026-04-20T19:03:14.444410,6.0,0.3590618968009949,20260420_19_03_12_0145_M2.wav,20260420,mic
2,2026-04-20T14:28:29.800083,2026-04-20T14:28:32.001595,6.0,0.3578506112098694,20260420_14_28_22_0716_M2.wav,20260420,mic
2,2026-04-20T19:17:40.055437,2026-04-20T19:17:42.111698,6.0,0.355044960975647,20260420_19_17_40_0455_M2.wav,20260420,mic
2,2026-04-20T14:25:01.954089,2026-04-20T14:25:04.070000,6.0,0.352821946144104,20260420_14_24_54_0707_M2.wav,20260420,mic
2,2026-04-20T19:18:41.366684,2026-04-20T19:18:41.942251,6.0,0.3526906371116638,20260420_19_18_36_0932_M2.wav,20260420,mic
2,2026-04-20T19:12:06.991035,2026-04-20T19:12:08.921805,6.0,0.34706175327301025,20260420_19_12_05_0541_M2.wav,20260420,mic
2,2026-04-20T14:26:55.586346,2026-04-20T14:26:58.065267,6.0,0.34434545040130615,20260420_14_26_48_0901_M2.wav,20260420,mic
2,2026-04-20T14:31:34.736615,2026-04-20T14:31:36.029000,6.0,0.3426256775856018,20260420_14_31_26_0297_M2.wav,20260420,mic
2,2026-04-20T14:24:41.041227,2026-04-20T14:24:42.971015,6.0,0.3330093026161194,20260420_14_24_33_0058_M2.wav,20260420,mic
2,2026-04-20T14:42:17.013017,2026-04-20T14:42:18.035000,6.0,0.33254218101501465,20260420_14_42_08_0357_M2.wav,20260420,mic
2,2026-04-20T14:30:52.586869,2026-04-20T14:30:53.493739,6.0,0.3312824070453644,20260420_14_30_45_0741_M2.wav,20260420,mic
2,2026-04-20T19:15:21.109281,2026-04-20T19:15:23.014230,6.0,0.32983025908470154,20260420_19_15_21_0513_M2.wav,20260420,mic
2,2026-04-20T19:07:13.941458,2026-04-20T19:07:15.957818,6.0,0.32333672046661377,20260420_19_07_06_0252_M2.wav,20260420,mic
2,2026-04-20T14:39:46.419745,2026-04-20T14:39:47.135998,6.0,0.3126658797264099,20260420_14_39_45_0109_M2.wav,20260420,mic
2,2026-04-20T14:28:31.039116,2026-04-20T14:28:33.418668,6.0,0.3119291663169861,20260420_14_28_31_0363_M2.wav,20260420,mic
2,2026-04-20T14:42:44.836901,2026-04-20T14:42:47.052626,6.0,0.3082156777381897,20260420_14_42_37_0745_M2.wav,20260420,mic
2,2026-04-20T14:44:46.829053,2026-04-20T14:44:49.041400,6.0,0.3051181435585022,20260420_14_44_39_0457_M2.wav,20260420,mic
2,2026-04-20T14:45:09.247654,2026-04-20T14:45:11.263828,6.0,0.300237238407135,20260420_14_45_02_0532_M2.wav,20260420,mic
2,2026-04-20T14:42:52.005000,2026-04-20T14:42:54.589586,6.0,0.29832205176353455,20260420_14_42_52_0057_M2.wav,20260420,mic
2,2026-04-20T19:07:38.156681,2026-04-20T19:07:40.323523,6.0,0.298149049282074,20260420_19_07_36_0579_M2.wav,20260420,mic
2,2026-04-20T14:41:26.473757,2026-04-20T14:41:29.019000,6.0,0.2883342206478119,20260420_14_41_19_0191_M2.wav,20260420,mic
2,2026-04-20T19:18:42.207104,2026-04-20T19:18:42.811324,6.0,0.28413352370262146,20260420_19_18_41_0288_M2.wav,20260420,mic
2,2026-04-20T14:36:11.007000,2026-04-20T14:36:13.552070,6.0,0.27785247564315796,20260420_14_36_11_0075_M2.wav,20260420,mic
2,2026-04-20T14:24:21.792019,2026-04-20T14:24:23.010000,6.0,0.27651098370552063,20260420_14_24_13_0103_M2.wav,20260420,mic
2,2026-04-20T14:41:16.103832,2026-04-20T14:41:18.212254,6.0,0.27168983221054077,20260420_14_41_16_0215_M2.wav,20260420,mic
2,2026-04-20T19:18:44.546902,2026-04-20T19:18:46.026277,6.0,0.2626316547393799,20260420_19_18_36_0932_M2.wav,20260420,mic
2,2026-04-20T19:18:39.660269,2026-04-20T19:18:42.053000,6.0,0.26225578784942627,20260420_19_18_32_0536_M2.wav,20260420,mic
2,2026-04-20T19:17:04.867021,2026-04-20T19:17:06.999642,6.0,0.2602992653846741,20260420_19_16_57_0062_M2.wav,20260420,mic
2,2026-04-20T14:34:35.072000,2026-04-20T14:34:36.787649,6.0,0.258370578289032,20260420_14_34_35_0725_M2.wav,20260420,mic
2,2026-04-20T14:26:13.973410,2026-04-20T14:26:15.002842,6.0,0.25544941425323486,20260420_14_26_05_0609_M2.wav,20260420,mic
2,2026-04-20T14:25:58.281135,2026-04-20T14:25:58.677396,6.0,0.25495272874832153,20260420_14_25_55_0373_M2.wav,20260420,mic
2,2026-04-20T14:25:32.773862,2026-04-20T14:25:34.996942,6.0,0.25234949588775635,20260420_14_25_25_0009_M2.wav,20260420,mic
2,2026-04-20T14:43:02.196650,2026-04-20T14:43:03.909548,6.0,0.2512477934360504,20260420_14_42_55_0150_M2.wav,20260420,mic
2,2026-04-20T14:41:50.414204,2026-04-20T14:41:51.239208,6.0,0.24661484360694885,20260420_14_41_45_0299_M2.wav,20260420,mic
2,2026-04-20T14:23:29.585284,2026-04-20T14:23:30.350339,6.0,0.2465353012084961,20260420_14_23_21_0171_M2.wav,20260420,mic
2,2026-04-20T14:24:14.233116,2026-04-20T14:24:15.276654,6.0,0.24440297484397888,20260420_14_24_13_0103_M2.wav,20260420,mic
2,2026-04-20T14:38:54.780087,2026-04-20T14:38:57.033000,6.0,0.24282950162887573,20260420_14_38_47_0330_M2.wav,20260420,mic
2,2026-04-20T14:36:09.647935,2026-04-20T14:36:12.042000,6.0,0.24127721786499023,20260420_14_36_02_0424_M2.wav,20260420,mic
2,2026-04-20T14:25:46.072000,2026-04-20T14:25:48.473522,6.0,0.24109289050102234,20260420_14_25_46_0723_M2.wav,20260420,mic
2,2026-04-20T14:32:56.981054,2026-04-20T14:32:58.038831,6.0,0.235734760761261,20260420_14_32_48_0666_M2.wav,20260420,mic
2,2026-04-20T14:24:34.076000,2026-04-20T14:24:36.211989,6.0,0.22740665078163147,20260420_14_24_34_0762_M2.wav,20260420,mic
2,2026-04-20T19:17:29.089035,2026-04-20T19:17:31.719205,6.0,0.226301372051239,20260420_19_17_27_0441_M2.wav,20260420,mic
2,2026-04-20T14:39:19.009020,2026-04-20T14:39:21.138094,6.0,0.2250453531742096,20260420_14_39_19_0077_M2.wav,20260420,mic
2,2026-04-20T14:31:57.162041,2026-04-20T14:31:58.257996,6.0,0.22197788953781128,20260420_14_31_56_0617_M2.wav,20260420,mic
2,2026-04-20T14:36:40.755365,2026-04-20T14:36:43.247591,6.0,0.21390894055366516,20260420_14_36_37_0138_M2.wav,20260420,mic
2,2026-04-20T14:29:29.382214,2026-04-20T14:29:30.710072,6.0,0.2112729847431183,20260420_14_29_27_0743_M2.wav,20260420,mic
2,2026-04-20T14:42:15.449242,2026-04-20T14:42:16.612252,6.0,0.20892062783241272,20260420_14_42_07_0022_M2.wav,20260420,mic
2,2026-04-20T14:22:37.092000,2026-04-20T14:22:39.148279,6.0,0.20608913898468018,20260420_14_22_37_0922_M2.wav,20260420,mic
2,2026-04-20T19:18:32.053000,2026-04-20T19:18:34.231400,6.0,0.19494938850402832,20260420_19_18_32_0536_M2.wav,20260420,mic
2,2026-04-20T14:32:07.338087,2026-04-20T14:32:09.921480,6.0,0.19478675723075867,20260420_14_32_05_0305_M2.wav,20260420,mic
2,2026-04-20T14:21:59.559684,2026-04-20T14:22:00.959974,6.0,0.1944829821586609,20260420_14_21_59_0005_M2.wav,20260420,mic
2,2026-04-20T14:42:13.459366,2026-04-20T14:42:14.416785,6.0,0.19371575117111206,20260420_14_42_07_0022_M2.wav,20260420,mic
2,2026-04-20T14:28:15.090276,2026-04-20T14:28:16.077298,6.0,0.1888641119003296,20260420_14_28_06_0893_M2.wav,20260420,mic
2,2026-04-20T14:40:54.053000,2026-04-20T14:40:56.424484,6.0,0.18282371759414673,20260420_14_40_54_0531_M2.wav,20260420,mic
2,2026-04-20T14:44:56.769953,2026-04-20T14:44:59.050000,6.0,0.1795104742050171,20260420_14_44_49_0505_M2.wav,20260420,mic
2,2026-04-20T14:43:33.489501,2026-04-20T14:43:34.642589,6.0,0.17781507968902588,20260420_14_43_26_0837_M2.wav,20260420,mic
2,2026-04-20T14:25:18.003000,2026-04-20T14:25:20.309976,6.0,0.1753896176815033,20260420_14_25_18_0033_M2.wav,20260420,mic
2,2026-04-20T14:38:42.669481,2026-04-20T14:38:45.013126,6.0,0.1730528175830841,20260420_14_38_35_0709_M2.wav,20260420,mic
2,2026-04-20T14:23:21.017021,2026-04-20T14:23:23.105090,6.0,0.17221876978874207,20260420_14_23_21_0171_M2.wav,20260420,mic
2,2026-04-20T14:24:24.235242,2026-04-20T14:24:26.988543,6.0,0.17035400867462158,20260420_14_24_24_0398_M2.wav,20260420,mic
2,2026-04-20T19:04:53.525479,2026-04-20T19:04:56.311253,6.0,0.16946345567703247,20260420_19_04_51_0801_M2.wav,20260420,mic
2,2026-04-20T14:29:16.579921,2026-04-20T14:29:17.662437,6.0,0.1664823591709137,20260420_14_29_10_0383_M2.wav,20260420,mic
2,2026-04-20T19:08:52.950244,2026-04-20T19:08:55.024013,6.0,0.16604319214820862,20260420_19_08_45_0950_M2.wav,20260420,mic
2,2026-04-20T14:23:49.841479,2026-04-20T14:23:51.224166,6.0,0.16594943404197693,20260420_14_23_49_0755_M2.wav,20260420,mic
2,2026-04-20T19:11:43.085000,2026-04-20T19:11:44.961441,6.0,0.1658383309841156,20260420_19_11_43_0858_M2.wav,20260420,mic
2,2026-04-20T14:21:52.087000,2026-04-20T14:21:54.583791,6.0,0.165531724691391,20260420_14_21_52_0879_M2.wav,20260420,mic
2,2026-04-20T14:31:56.339339,2026-04-20T14:31:57.354965,6.0,0.16479703783988953,20260420_14_31_50_0882_M2.wav,20260420,mic
2,2026-04-20T19:05:28.017085,2026-04-20T19:05:30.698927,6.0,0.16384810209274292,20260420_19_05_26_0474_M2.wav,20260420,mic
2,2026-04-20T14:28:29.161921,2026-04-20T14:28:30.252719,6.0,0.16191425919532776,20260420_14_28_28_0560_M2.wav,20260420,mic
2,2026-04-20T14:34:21.948680,2026-04-20T14:34:23.954642,6.0,0.156287282705307,20260420_14_34_14_0029_M2.wav,20260420,mic
2,2026-04-20T14:25:41.756816,2026-04-20T14:25:43.619689,6.0,0.1553255021572113,20260420_14_25_39_0657_M2.wav,20260420,mic
2,2026-04-20T14:34:24.004000,2026-04-20T14:34:26.137868,6.0,0.154783695936203,20260420_14_34_24_0045_M2.wav,20260420,mic
2,2026-04-20T19:11:53.911314,2026-04-20T19:11:56.062377,6.0,0.15309900045394897,20260420_19_11_52_0526_M2.wav,20260420,mic
2,2026-04-20T19:13:47.153845,2026-04-20T19:13:48.104858,6.0,0.1528027355670929,20260420_19_13_41_0634_M2.wav,20260420,mic
2,2026-04-20T19:04:40.131997,2026-04-20T19:04:42.654624,6.0,0.15210947394371033,20260420_19_04_34_0445_M2.wav,20260420,mic
2,2026-04-20T19:12:24.074279,2026-04-20T19:12:26.004788,6.0,0.15183672308921814,20260420_19_12_18_0527_M2.wav,20260420,mic
2,2026-04-20T14:21:47.635846,2026-04-20T14:21:48.753867,6.0,0.14910882711410522,20260420_14_21_39_0856_M2.wav,20260420,mic
2,2026-04-20T19:15:30.046333,2026-04-20T19:15:32.016548,6.0,0.14700019359588623,20260420_19_15_30_0185_M2.wav,20260420,mic
2,2026-04-20T14:34:54.334302,2026-04-20T14:34:56.449206,6.0,0.14671170711517334,20260420_14_34_48_0728_M2.wav,20260420,mic
2,2026-04-20T19:16:15.075075,2026-04-20T19:16:16.967535,6.0,0.14660537242889404,20260420_19_16_13_0587_M2.wav,20260420,mic
2,2026-04-20T19:07:36.057000,2026-04-20T19:07:38.070401,6.0,0.1455569863319397,20260420_19_07_36_0579_M2.wav,20260420,mic
2,2026-04-20T14:24:52.084364,2026-04-20T14:24:53.715470,6.0,0.145205557346344,20260420_14_24_46_0046_M2.wav,20260420,mic
2,2026-04-20T14:34:05.478756,2026-04-20T14:34:07.305004,6.0,0.1450510025024414,20260420_14_34_05_0377_M2.wav,20260420,mic
2,2026-04-20T14:42:49.412887,2026-04-20T14:42:51.927529,6.0,0.1431134045124054,20260420_14_42_42_0106_M2.wav,20260420,mic
2,2026-04-20T14:40:40.012000,2026-04-20T14:40:42.320722,6.0,0.14302420616149902,20260420_14_40_40_0127_M2.wav,20260420,mic
2,2026-04-20T19:04:36.934291,2026-04-20T19:04:38.060390,6.0,0.1406058967113495,20260420_19_04_34_0445_M2.wav,20260420,mic
2,2026-04-20T14:42:31.815023,2026-04-20T14:42:33.788061,6.0,0.13659432530403137,20260420_14_42_28_0771_M2.wav,20260420,mic
2,2026-04-20T19:18:36.202204,2026-04-20T19:18:37.926638,6.0,0.1361023485660553,20260420_19_18_28_0201_M2.wav,20260420,mic
2,2026-04-20T14:40:33.448613,2026-04-20T14:40:34.262998,6.0,0.13599109649658203,20260420_14_40_32_0827_M2.wav,20260420,mic
2,2026-04-20T19:16:17.736949,2026-04-20T19:16:18.896882,6.0,0.13513273000717163,20260420_19_16_09_0229_M2.wav,20260420,mic
2,2026-04-20T14:42:46.044000,2026-04-20T14:42:48.495083,6.0,0.1346668303012848,20260420_14_42_46_0441_M2.wav,20260420,mic
2,2026-04-20T14:26:40.144085,2026-04-20T14:26:41.018814,6.0,0.13403871655464172,20260420_14_26_31_0586_M2.wav,20260420,mic
2,2026-04-20T14:23:02.498862,2026-04-20T14:23:03.051000,6.0,0.12983891367912292,20260420_14_22_53_0511_M2.wav,20260420,mic
2,2026-04-20T19:05:31.999806,2026-04-20T19:05:34.758620,6.0,0.12562966346740723,20260420_19_05_30_0822_M2.wav,20260420,mic
2,2026-04-20T14:39:51.564679,2026-04-20T14:39:52.675614,6.0,0.12472429871559143,20260420_14_39_49_0469_M2.wav,20260420,mic
2,2026-04-20T14:44:52.619549,2026-04-20T14:44:54.991441,6.0,0.1243928074836731,20260420_14_44_45_0173_M2.wav,20260420,mic
2,2026-04-20T14:41:45.029000,2026-04-20T14:41:47.714139,6.0,0.12421911954879761,20260420_14_41_45_0299_M2.wav,20260420,mic
2,2026-04-20T19:15:31.867407,2026-04-20T19:15:34.022710,6.0,0.12334921956062317,20260420_19_15_30_0185_M2.wav,20260420,mic
2,2026-04-20T14:35:30.517749,2026-04-20T14:35:32.261480,6.0,0.12249279022216797,20260420_14_35_23_0423_M2.wav,20260420,mic
2,2026-04-20T19:08:03.893230,2026-04-20T19:08:05.433768,6.0,0.12174594402313232,20260420_19_08_02_0596_M2.wav,20260420,mic
2,2026-04-20T14:41:42.031000,2026-04-20T14:41:44.094412,6.0,0.12012544274330139,20260420_14_41_42_0311_M2.wav,20260420,mic
2,2026-04-20T14:42:53.786709,2026-04-20T14:42:56.044000,6.0,0.11925572156906128,20260420_14_42_46_0441_M2.wav,20260420,mic
2,2026-04-20T19:01:15.182574,2026-04-20T19:01:15.930167,6.0,0.11699730157852173,20260420_19_01_06_0529_M2.wav,20260420,mic
2,2026-04-20T14:42:21.646097,2026-04-20T14:42:22.069000,6.0,0.1116311252117157,20260420_14_42_12_0694_M2.wav,20260420,mic
2,2026-04-20T14:40:30.420155,2026-04-20T14:40:32.077000,6.0,0.10966101288795471,20260420_14_40_22_0777_M2.wav,20260420,mic
2,2026-04-20T14:24:04.952209,2026-04-20T14:24:06.063115,6.0,0.1090167760848999,20260420_14_24_04_0440_M2.wav,20260420,mic
2,2026-04-20T14:39:32.027833,2026-04-20T14:39:33.042000,6.0,0.10515362024307251,20260420_14_39_23_0425_M2.wav,20260420,mic
2,2026-04-20T19:10:55.337812,2026-04-20T19:10:56.584427,6.0,0.1019391119480133,20260420_19_10_51_0755_M2.wav,20260420,mic
2,2026-04-20T19:15:46.976322,2026-04-20T19:15:47.967691,6.0,0.10113516449928284,20260420_19_15_38_0870_M2.wav,20260420,mic
2,2026-04-20T14:26:05.200930,2026-04-20T14:26:06.094000,6.0,0.10108619928359985,20260420_14_25_56_0941_M2.wav,20260420,mic
1,2026-04-20T14:22:11.277456,2026-04-20T14:22:16.937930,0.0,0.917199969291687,20260420_14_22_07_0641_M1.wav,20260420,mic
1,2026-04-20T14:41:07.303081,2026-04-20T14:41:11.061987,0.0,0.836209774017334,20260420_14_41_01_0845_M1.wav,20260420,mic
1,2026-04-20T14:43:46.855184,2026-04-20T14:43:49.049123,0.0,0.6677098870277405,20260420_14_43_39_0915_M1.wav,20260420,mic
1,2026-04-20T14:21:52.125036,2026-04-20T14:21:52.993525,0.0,0.6053074598312378,20260420_14_21_52_0879_M1.wav,20260420,mic
1,2026-04-20T19:00:54.576627,2026-04-20T19:00:58.250569,0.0,0.5892511010169983,20260420_19_00_53_0546_M1.wav,20260420,mic
1,2026-04-20T14:41:07.031665,2026-04-20T14:41:08.086000,0.0,0.5258629322052002,20260420_14_40_58_0865_M1.wav,20260420,mic
1,2026-04-20T14:23:47.754809,2026-04-20T14:23:48.356823,0.0,0.4516167640686035,20260420_14_23_47_0172_M1.wav,20260420,mic
1,2026-04-20T14:23:46.649712,2026-04-20T14:23:47.192717,0.0,0.4454341232776642,20260420_14_23_42_0859_M1.wav,20260420,mic
1,2026-04-20T14:41:45.074089,2026-04-20T14:41:49.011149,0.0,0.43925365805625916,20260420_14_41_45_0299_M1.wav,20260420,mic
1,2026-04-20T14:43:54.051504,2026-04-20T14:43:58.002289,0.0,0.39197584986686707,20260420_14_43_48_0588_M1.wav,20260420,mic
1,2026-04-20T19:01:03.692399,2026-04-20T19:01:07.087000,0.0,0.38215935230255127,20260420_19_00_57_0871_M1.wav,20260420,mic
1,2026-04-20T14:23:47.157783,2026-04-20T14:23:47.823535,0.0,0.3786926567554474,20260420_14_23_41_0097_M1.wav,20260420,mic
1,2026-04-20T14:43:47.858462,2026-04-20T14:43:53.981141,0.0,0.35407158732414246,20260420_14_43_44_0253_M1.wav,20260420,mic
1,2026-04-20T19:00:58.918619,2026-04-20T19:01:02.380209,0.0,0.3185047209262848,20260420_19_00_57_0871_M1.wav,20260420,mic
1,2026-04-20T19:01:10.087000,2026-04-20T19:01:13.418697,0.0,0.27716967463493347,20260420_19_01_10_0870_M1.wav,20260420,mic
1,2026-04-20T14:44:49.061050,2026-04-20T14:44:52.560417,0.0,0.24522057175636292,20260420_14_44_49_0505_M1.wav,20260420,mic
1,2026-04-20T14:21:51.790925,2026-04-20T14:21:55.242200,0.0,0.23637321591377258,20260420_14_21_46_0000_M1.wav,20260420,mic
1,2026-04-20T14:21:58.499679,2026-04-20T14:21:59.882959,0.0,0.1959552764892578,20260420_14_21_50_0358_M1.wav,20260420,mic
1,2026-04-20T14:44:23.532635,2026-04-20T14:44:27.044606,0.0,0.19584935903549194,20260420_14_44_17_0732_M1.wav,20260420,mic
1,2026-04-20T14:43:11.675798,2026-04-20T14:43:14.947200,0.0,0.18823370337486267,20260420_14_43_05_0087_M1.wav,20260420,mic
1,2026-04-20T14:21:48.051000,2026-04-20T14:21:48.445764,0.0,0.18480682373046875,20260420_14_21_48_0514_M1.wav,20260420,mic
1,2026-04-20T14:44:02.711102,2026-04-20T14:44:06.990274,0.0,0.17846137285232544,20260420_14_43_57_0309_M1.wav,20260420,mic
1,2026-04-20T14:25:31.497535,2026-04-20T14:25:36.005816,0.0,0.1599225103855133,20260420_14_25_26_0694_M1.wav,20260420,mic
1,2026-04-20T14:38:05.433461,2026-04-20T14:38:05.800022,0.0,0.15395066142082214,20260420_14_38_05_0238_M1.wav,20260420,mic
1,2026-04-20T19:00:47.409812,2026-04-20T19:00:51.032239,0.0,0.14965149760246277,20260420_19_00_47_0202_M1.wav,20260420,mic
1,2026-04-20T14:41:51,2026-04-20T14:41:53.869535,0.0,0.14342164993286133,20260420_14_41_51_0003_M1.wav,20260420,mic
1,2026-04-20T19:00:20.440400,2026-04-20T19:00:21.031185,0.0,0.13086053729057312,20260420_19_00_20_0602_M1.wav,20260420,mic
1,2026-04-20T14:25:48.029000,2026-04-20T14:25:50.328038,0.0,0.12704071402549744,20260420_14_25_48_0292_M1.wav,20260420,mic
1,2026-04-20T14:40:51.902628,2026-04-20T14:40:55.050863,0.0,0.10224777460098267,20260420_14_40_45_0843_M1.wav,20260420,mic
2,2026-04-20T14:22:35.992340,2026-04-20T14:22:38.928656,0.0,0.8162952661514282,20260420_14_22_29_0260_M2.wav,20260420,mic
2,2026-04-20T14:23:23.102687,2026-04-20T14:23:25.404113,0.0,0.6670754551887512,20260420_14_23_23_0802_M2.wav,20260420,mic
2,2026-04-20T14:22:26.841592,2026-04-20T14:22:30.001525,0.0,0.6242300271987915,20260420_14_22_20_0620_M2.wav,20260420,mic
2,2026-04-20T19:00:58.871524,2026-04-20T19:01:02.291821,0.0,0.6028046011924744,20260420_19_00_57_0871_M2.wav,20260420,mic
2,2026-04-20T14:22:53.389224,2026-04-20T14:22:56.340558,0.0,0.5941808223724365,20260420_14_22_53_0511_M2.wav,20260420,mic
2,2026-04-20T14:22:11.012851,2026-04-20T14:22:16.965570,0.0,0.5339775085449219,20260420_14_22_07_0641_M2.wav,20260420,mic
2,2026-04-20T14:23:48.328473,2026-04-20T14:23:50.957055,0.0,0.4315299093723297,20260420_14_23_41_0097_M2.wav,20260420,mic
2,2026-04-20T14:21:51.752937,2026-04-20T14:21:53.016209,0.0,0.3880077600479126,20260420_14_21_46_0000_M2.wav,20260420,mic
2,2026-04-20T14:22:35.526979,2026-04-20T14:22:36.951102,0.0,0.35686832666397095,20260420_14_22_27_0539_M2.wav,20260420,mic
2,2026-04-20T14:22:40.908037,2026-04-20T14:22:42.977506,0.0,0.3484082818031311,20260420_14_22_33_0574_M2.wav,20260420,mic
2,2026-04-20T14:39:34.113992,2026-04-20T14:39:35.971360,0.0,0.3448249101638794,20260420_14_39_26_0370_M2.wav,20260420,mic
2,2026-04-20T14:45:08.529155,2026-04-20T14:45:11.987089,0.0,0.2733722925186157,20260420_14_45_02_0532_M2.wav,20260420,mic
2,2026-04-20T14:22:29.046095,2026-04-20T14:22:33.949802,0.0,0.25145721435546875,20260420_14_22_29_0260_M2.wav,20260420,mic
2,2026-04-20T14:28:24.033012,2026-04-20T14:28:24.990821,0.0,0.23126563429832458,20260420_14_28_15_0565_M2.wav,20260420,mic
2,2026-04-20T14:22:10.651422,2026-04-20T14:22:10.976063,0.0,0.20945119857788086,20260420_14_22_01_0524_M2.wav,20260420,mic
2,2026-04-20T14:21:48.079625,2026-04-20T14:21:52.499635,0.0,0.20495140552520752,20260420_14_21_48_0514_M2.wav,20260420,mic
2,2026-04-20T14:38:43.963735,2026-04-20T14:38:46.264367,0.0,0.1853095293045044,20260420_14_38_43_0001_M2.wav,20260420,mic
2,2026-04-20T14:41:46.064000,2026-04-20T14:41:49.318210,0.0,0.1765572428703308,20260420_14_41_46_0642_M2.wav,20260420,mic
2,2026-04-20T14:24:22.465821,2026-04-20T14:24:26.978394,0.0,0.16904711723327637,20260420_14_24_17_0422_M2.wav,20260420,mic
2,2026-04-20T19:00:24.813916,2026-04-20T19:00:25.436483,0.0,0.16835680603981018,20260420_19_00_20_0602_M2.wav,20260420,mic
2,2026-04-20T14:37:39.136380,2026-04-20T14:37:42.484062,0.0,0.16542556881904602,20260420_14_37_39_0173_M2.wav,20260420,mic
2,2026-04-20T19:00:57.087000,2026-04-20T19:00:58.441464,0.0,0.15731221437454224,20260420_19_00_57_0871_M2.wav,20260420,mic
2,2026-04-20T14:22:42.091738,2026-04-20T14:22:45.587665,0.0,0.13789770007133484,20260420_14_22_42_0241_M2.wav,20260420,mic
2,2026-04-20T19:01:17.896732,2026-04-20T19:01:20.052797,0.0,0.11994192004203796,20260420_19_01_10_0870_M2.wav,20260420,mic
2,2026-04-20T19:08:45.706937,2026-04-20T19:08:46.990277,0.0,0.1197097897529602,20260420_19_08_37_0276_M2.wav,20260420,mic
2,2026-04-20T19:01:06.072335,2026-04-20T19:01:06.461205,0.0,0.1183224618434906,20260420_19_01_06_0529_M2.wav,20260420,mic
2,2026-04-20T19:01:10.087000,2026-04-20T19:01:13.647370,0.0,0.11341574788093567,20260420_19_01_10_0870_M2.wav,20260420,mic
2,2026-04-20T19:15:57.200294,2026-04-20T19:16:01.012060,0.0,0.1054113507270813,20260420_19_15_51_0878_M2.wav,20260420,mic
2,2026-04-20T19:01:06.898764,2026-04-20T19:01:12.011052,0.0,0.1014864444732666,20260420_19_01_02_0214_M2.wav,20260420,mic
1,2026-04-20T14:44:46.779877,2026-04-20T14:44:49.045000,6.0,0.9512165784835815,20260420_14_44_39_0457_M1.wav,20260420,mic
1,2026-04-20T14:44:48.021000,2026-04-20T14:44:50.600342,6.0,0.9405394792556763,20260420_14_44_48_0216_M1.wav,20260420,mic
1,2026-04-20T14:43:51.069811,2026-04-20T14:43:53.614521,6.0,0.9385973215103149,20260420_14_43_51_0671_M1.wav,20260420,mic
1,2026-04-20T14:41:39.977087,2026-04-20T14:41:41.966066,6.0,0.9308421015739441,20260420_14_41_32_0262_M1.wav,20260420,mic
1,2026-04-20T14:22:12.852584,2026-04-20T14:22:15.087000,6.0,0.9196599125862122,20260420_14_22_05_0873_M1.wav,20260420,mic
1,2026-04-20T14:24:08.600173,2026-04-20T14:24:10.007975,6.0,0.9177959561347961,20260420_14_24_00_0132_M1.wav,20260420,mic
1,2026-04-20T14:44:09.004000,2026-04-20T14:44:11.576739,6.0,0.9173569679260254,20260420_14_44_09_0048_M1.wav,20260420,mic
1,2026-04-20T19:01:09.774947,2026-04-20T19:01:12.010809,6.0,0.9146374464035034,20260420_19_01_02_0214_M1.wav,20260420,mic
1,2026-04-20T19:17:51.960680,2026-04-20T19:17:54.060333,6.0,0.9059702754020691,20260420_19_17_44_0797_M1.wav,20260420,mic
1,2026-04-20T14:43:22.022214,2026-04-20T14:43:23.048407,6.0,0.8998415470123291,20260420_14_43_13_0781_M1.wav,20260420,mic
1,2026-04-20T14:40:28.050000,2026-04-20T14:40:30.277139,6.0,0.8964047431945801,20260420_14_40_28_0501_M1.wav,20260420,mic
1,2026-04-20T14:22:40.784874,2026-04-20T14:22:43.057000,6.0,0.8891992568969727,20260420_14_22_33_0574_M1.wav,20260420,mic
1,2026-04-20T14:25:58.567086,2026-04-20T14:26:01.004000,6.0,0.8852713108062744,20260420_14_25_51_0047_M1.wav,20260420,mic
1,2026-04-20T14:26:38.039829,2026-04-20T14:26:40.699836,6.0,0.883507490158081,20260420_14_26_34_0341_M1.wav,20260420,mic
1,2026-04-20T14:43:12.078320,2026-04-20T14:43:14.183920,6.0,0.8801201581954956,20260420_14_43_08_0186_M1.wav,20260420,mic
1,2026-04-20T19:05:04.350966,2026-04-20T19:05:05.925445,6.0,0.8692827820777893,20260420_19_04_56_0142_M1.wav,20260420,mic
1,2026-04-20T19:04:51.080000,2026-04-20T19:04:53.093111,6.0,0.8687138557434082,20260420_19_04_51_0801_M1.wav,20260420,mic
1,2026-04-20T14:42:40.699678,2026-04-20T14:42:42.996662,6.0,0.864895224571228,20260420_14_42_33_0109_M1.wav,20260420,mic
1,2026-04-20T14:25:43.106042,2026-04-20T14:25:45.573460,6.0,0.8648087382316589,20260420_14_25_43_0973_M1.wav,20260420,mic
1,2026-04-20T14:40:14.015574,2026-04-20T14:40:16.453687,6.0,0.8622879981994629,20260420_14_40_14_0094_M1.wav,20260420,mic
1,2026-04-20T14:26:24.931299,2026-04-20T14:26:27.339486,6.0,0.8604341745376587,20260420_14_26_21_0342_M1.wav,20260420,mic
1,2026-04-20T19:03:28.352940,2026-04-20T19:03:30.003603,6.0,0.8542863130569458,20260420_19_03_20_0806_M1.wav,20260420,mic
1,2026-04-20T14:41:45.042983,2026-04-20T14:41:47.514137,6.0,0.8478608727455139,20260420_14_41_45_0299_M1.wav,20260420,mic
1,2026-04-20T14:25:46.086132,2026-04-20T14:25:48.615160,6.0,0.8452893495559692,20260420_14_25_46_0723_M1.wav,20260420,mic
1,2026-04-20T14:22:24.631481,2026-04-20T14:22:26.533621,6.0,0.8426046967506409,20260420_14_22_20_0620_M1.wav,20260420,mic
1,2026-04-20T14:41:51.001977,2026-04-20T14:41:52.257379,6.0,0.8285502195358276,20260420_14_41_51_0003_M1.wav,20260420,mic
1,2026-04-20T19:06:11.675694,2026-04-20T19:06:13.693652,6.0,0.8246568441390991,20260420_19_06_05_0547_M1.wav,20260420,mic
1,2026-04-20T14:24:09.305073,2026-04-20T14:24:11.993979,6.0,0.8115099668502808,20260420_14_24_07_0061_M1.wav,20260420,mic
1,2026-04-20T19:12:39.686028,2026-04-20T19:12:41.971321,6.0,0.8047933578491211,20260420_19_12_36_0194_M1.wav,20260420,mic
1,2026-04-20T19:03:00.924120,2026-04-20T19:03:03.285188,6.0,0.8014988899230957,20260420_19_02_59_0111_M1.wav,20260420,mic
1,2026-04-20T14:43:10.847794,2026-04-20T14:43:13.019090,6.0,0.7953212857246399,20260420_14_43_03_0853_M1.wav,20260420,mic
1,2026-04-20T14:25:47.798795,2026-04-20T14:25:49.016176,6.0,0.7882914543151855,20260420_14_25_39_0657_M1.wav,20260420,mic
1,2026-04-20T19:18:32.053000,2026-04-20T19:18:34.348942,6.0,0.7848348617553711,20260420_19_18_32_0536_M1.wav,20260420,mic
1,2026-04-20T19:18:07.708510,2026-04-20T19:18:10.528368,6.0,0.7747180461883545,20260420_19_18_06_0487_M1.wav,20260420,mic
1,2026-04-20T19:03:12.014000,2026-04-20T19:03:14.192131,6.0,0.7687328457832336,20260420_19_03_12_0145_M1.wav,20260420,mic
1,2026-04-20T14:25:07.967019,2026-04-20T14:25:10.171325,6.0,0.7664309740066528,20260420_14_25_03_0341_M1.wav,20260420,mic
1,2026-04-20T14:28:44.061127,2026-04-20T14:28:46.562824,6.0,0.7662159204483032,20260420_14_28_44_0360_M1.wav,20260420,mic
1,2026-04-20T14:44:40.080000,2026-04-20T14:44:42.495261,6.0,0.7624285221099854,20260420_14_44_40_0804_M1.wav,20260420,mic
1,2026-04-20T14:25:15.018051,2026-04-20T14:25:17.069000,6.0,0.7584257125854492,20260420_14_25_07_0696_M1.wav,20260420,mic
1,2026-04-20T19:17:58.985679,2026-04-20T19:18:01.376955,6.0,0.7503664493560791,20260420_19_17_57_0806_M1.wav,20260420,mic
1,2026-04-20T14:42:34.061702,2026-04-20T14:42:36.506255,6.0,0.7410207986831665,20260420_14_42_34_0513_M1.wav,20260420,mic
1,2026-04-20T19:15:17.045840,2026-04-20T19:15:19.110096,6.0,0.7163999676704407,20260420_19_15_17_0165_M1.wav,20260420,mic
1,2026-04-20T14:24:11.058959,2026-04-20T14:24:13.460272,6.0,0.7127547264099121,20260420_14_24_11_0382_M1.wav,20260420,mic
1,2026-04-20T19:12:14.020000,2026-04-20T19:12:16.196223,6.0,0.7121639251708984,20260420_19_12_14_0203_M1.wav,20260420,mic
1,2026-04-20T19:11:16.510243,2026-04-20T19:11:19.016000,6.0,0.7083908915519714,20260420_19_11_09_0164_M1.wav,20260420,mic
1,2026-04-20T19:00:53.054000,2026-04-20T19:00:54.503487,6.0,0.7055146098136902,20260420_19_00_53_0546_M1.wav,20260420,mic
1,2026-04-20T14:22:20.062000,2026-04-20T14:22:22.227875,6.0,0.7045027017593384,20260420_14_22_20_0620_M1.wav,20260420,mic
1,2026-04-20T14:40:03.622914,2026-04-20T14:40:06.076000,6.0,0.7035132646560669,20260420_14_39_56_0762_M1.wav,20260420,mic
1,2026-04-20T14:25:12.001000,2026-04-20T14:25:14.465215,6.0,0.7028309106826782,20260420_14_25_12_0012_M1.wav,20260420,mic
1,2026-04-20T14:23:58.039000,2026-04-20T14:24:00.459803,6.0,0.7010607123374939,20260420_14_23_58_0390_M1.wav,20260420,mic
1,2026-04-20T14:42:37.122319,2026-04-20T14:42:39.418278,6.0,0.698399543762207,20260420_14_42_37_0745_M1.wav,20260420,mic
1,2026-04-20T14:41:13.805072,2026-04-20T14:41:15.118285,6.0,0.6937034130096436,20260420_14_41_10_0499_M1.wav,20260420,mic
1,2026-04-20T14:41:43.361650,2026-04-20T14:41:46.059000,6.0,0.6806939840316772,20260420_14_41_36_0592_M1.wav,20260420,mic
1,2026-04-20T19:17:31.076000,2026-04-20T19:17:33.320646,6.0,0.6793868541717529,20260420_19_17_31_0767_M1.wav,20260420,mic
1,2026-04-20T14:43:58.516131,2026-04-20T14:44:01.129372,6.0,0.6743975877761841,20260420_14_43_52_0969_M1.wav,20260420,mic
1,2026-04-20T14:41:26.731125,2026-04-20T14:41:29.019000,6.0,0.6649870276451111,20260420_14_41_19_0191_M1.wav,20260420,mic
1,2026-04-20T14:43:18.115757,2026-04-20T14:43:20.106341,6.0,0.6544613838195801,20260420_14_43_12_0537_M1.wav,20260420,mic
1,2026-04-20T14:41:57.406186,2026-04-20T14:41:59.038019,6.0,0.645393431186676,20260420_14_41_49_0634_M1.wav,20260420,mic
1,2026-04-20T14:38:44.058052,2026-04-20T14:38:46.165380,6.0,0.6440346837043762,20260420_14_38_44_0364_M1.wav,20260420,mic
1,2026-04-20T19:18:36.093000,2026-04-20T19:18:38.394993,6.0,0.6377352476119995,20260420_19_18_36_0932_M1.wav,20260420,mic
1,2026-04-20T14:42:42.010000,2026-04-20T14:42:44.249600,6.0,0.6324595212936401,20260420_14_42_42_0106_M1.wav,20260420,mic
1,2026-04-20T14:26:36.308650,2026-04-20T14:26:37.527828,6.0,0.6229616403579712,20260420_14_26_30_0016_M1.wav,20260420,mic
1,2026-04-20T14:24:21.759436,2026-04-20T14:24:22.922909,6.0,0.6194000244140625,20260420_14_24_13_0103_M1.wav,20260420,mic
1,2026-04-20T14:40:29.960854,2026-04-20T14:40:32.000873,6.0,0.6091577410697937,20260420_14_40_22_0777_M1.wav,20260420,mic
1,2026-04-20T14:44:02.102535,2026-04-20T14:44:04.511078,6.0,0.6065030097961426,20260420_14_44_01_0639_M1.wav,20260420,mic
1,2026-04-20T14:44:33.488745,2026-04-20T14:44:36.040000,6.0,0.604012131690979,20260420_14_44_26_0409_M1.wav,20260420,mic
1,2026-04-20T14:44:58.033957,2026-04-20T14:44:59.378536,6.0,0.5720497965812683,20260420_14_44_58_0200_M1.wav,20260420,mic
1,2026-04-20T14:40:09.076000,2026-04-20T14:40:11.512534,6.0,0.5560606122016907,20260420_14_40_09_0766_M1.wav,20260420,mic
1,2026-04-20T14:22:34.839052,2026-04-20T14:22:37.053000,6.0,0.5558265447616577,20260420_14_22_27_0539_M1.wav,20260420,mic
1,2026-04-20T14:25:49.690351,2026-04-20T14:25:52.038000,6.0,0.554665744304657,20260420_14_25_42_0386_M1.wav,20260420,mic
1,2026-04-20T14:25:21.923761,2026-04-20T14:25:23.071000,6.0,0.5511762499809265,20260420_14_25_13_0710_M1.wav,20260420,mic
1,2026-04-20T19:11:43.085000,2026-04-20T19:11:45.187283,6.0,0.5499089956283569,20260420_19_11_43_0858_M1.wav,20260420,mic
1,2026-04-20T19:10:51.889702,2026-04-20T19:10:54.480187,6.0,0.5484458208084106,20260420_19_10_47_0433_M1.wav,20260420,mic
1,2026-04-20T14:44:42.522296,2026-04-20T14:44:44.729528,6.0,0.5471226572990417,20260420_14_44_40_0804_M1.wav,20260420,mic
1,2026-04-20T14:42:04.194063,2026-04-20T14:42:05.034000,6.0,0.5442523956298828,20260420_14_41_55_0345_M1.wav,20260420,mic
1,2026-04-20T19:02:59.011000,2026-04-20T19:03:00.900203,6.0,0.5430123805999756,20260420_19_02_59_0111_M1.wav,20260420,mic
1,2026-04-20T14:24:43.040000,2026-04-20T14:24:44.450858,6.0,0.5405406951904297,20260420_14_24_43_0404_M1.wav,20260420,mic
1,2026-04-20T14:40:55.912289,2026-04-20T14:40:58.028809,6.0,0.5392277836799622,20260420_14_40_48_0836_M1.wav,20260420,mic
1,2026-04-20T19:04:08.044000,2026-04-20T19:04:10.099836,6.0,0.534260630607605,20260420_19_04_08_0444_M1.wav,20260420,mic
1,2026-04-20T19:17:36.012000,2026-04-20T19:17:37.531220,6.0,0.5281612277030945,20260420_19_17_36_0124_M1.wav,20260420,mic
1,2026-04-20T14:27:57.832988,2026-04-20T14:27:59.040115,6.0,0.5280100703239441,20260420_14_27_49_0593_M1.wav,20260420,mic
1,2026-04-20T19:07:10.057000,2026-04-20T19:07:12.517184,6.0,0.5203689932823181,20260420_19_07_10_0570_M1.wav,20260420,mic
1,2026-04-20T14:22:14.344089,2026-04-20T14:22:17.166297,6.0,0.512834370136261,20260420_14_22_14_0516_M1.wav,20260420,mic
1,2026-04-20T19:04:40.137295,2026-04-20T19:04:42.331053,6.0,0.5117373466491699,20260420_19_04_38_0783_M1.wav,20260420,mic
1,2026-04-20T14:42:10.363234,2026-04-20T14:42:13.076463,6.0,0.5025837421417236,20260420_14_42_08_0357_M1.wav,20260420,mic
1,2026-04-20T14:44:14.140885,2026-04-20T14:44:16.622744,6.0,0.4931620955467224,20260420_14_44_14_0663_M1.wav,20260420,mic
1,2026-04-20T14:43:41.262222,2026-04-20T14:43:43.975073,6.0,0.4829346835613251,20260420_14_43_34_0295_M1.wav,20260420,mic
1,2026-04-20T14:44:12.103454,2026-04-20T14:44:14.021306,6.0,0.4810369312763214,20260420_14_44_04_0713_M1.wav,20260420,mic
1,2026-04-20T14:45:09.319475,2026-04-20T14:45:11.913017,6.0,0.47972598671913147,20260420_14_45_02_0532_M1.wav,20260420,mic
1,2026-04-20T14:42:52.005000,2026-04-20T14:42:54.597473,6.0,0.47962912917137146,20260420_14_42_52_0057_M1.wav,20260420,mic
1,2026-04-20T19:17:05.074000,2026-04-20T19:17:07.641691,6.0,0.4779282212257385,20260420_19_17_05_0749_M1.wav,20260420,mic
1,2026-04-20T19:04:30.019633,2026-04-20T19:04:32.318907,6.0,0.47709187865257263,20260420_19_04_30_0101_M1.wav,20260420,mic
1,2026-04-20T19:05:46.383077,2026-04-20T19:05:49.046000,6.0,0.4710647463798523,20260420_19_05_39_0467_M1.wav,20260420,mic
1,2026-04-20T14:26:05.602097,2026-04-20T14:26:06.771325,6.0,0.46863269805908203,20260420_14_25_59_0706_M1.wav,20260420,mic
1,2026-04-20T14:43:36.082451,2026-04-20T14:43:38.501408,6.0,0.4665847420692444,20260420_14_43_35_0548_M1.wav,20260420,mic
1,2026-04-20T19:16:17.472389,2026-04-20T19:16:19.823235,6.0,0.464692085981369,20260420_19_16_17_0911_M1.wav,20260420,mic
1,2026-04-20T14:25:27.186354,2026-04-20T14:25:28.342304,6.0,0.4633652865886688,20260420_14_25_26_0694_M1.wav,20260420,mic
1,2026-04-20T19:01:15.152204,2026-04-20T19:01:17.188794,6.0,0.45306333899497986,20260420_19_01_10_0870_M1.wav,20260420,mic
1,2026-04-20T14:37:20.089787,2026-04-20T14:37:22.602428,6.0,0.44964656233787537,20260420_14_37_20_0524_M1.wav,20260420,mic
1,2026-04-20T14:22:16.030000,2026-04-20T14:22:18.658297,6.0,0.4447258710861206,20260420_14_22_16_0303_M1.wav,20260420,mic
1,2026-04-20T19:17:08.826603,2026-04-20T19:17:10.997725,6.0,0.4443610906600952,20260420_19_17_01_0419_M1.wav,20260420,mic
1,2026-04-20T14:43:49.432846,2026-04-20T14:43:52.098000,6.0,0.4351116716861725,20260420_14_43_42_0984_M1.wav,20260420,mic
1,2026-04-20T14:44:43.926915,2026-04-20T14:44:46.380516,6.0,0.42999517917633057,20260420_14_44_40_0804_M1.wav,20260420,mic
1,2026-04-20T19:00:21.972674,2026-04-20T19:00:24.745765,6.0,0.425056517124176,20260420_19_00_20_0602_M1.wav,20260420,mic
1,2026-04-20T14:42:04.515949,2026-04-20T14:42:06.922774,6.0,0.42417484521865845,20260420_14_42_02_0687_M1.wav,20260420,mic
1,2026-04-20T14:39:50.693966,2026-04-20T14:39:53.074000,6.0,0.4219176769256592,20260420_14_39_43_0745_M1.wav,20260420,mic
1,2026-04-20T14:42:23.755552,2026-04-20T14:42:26.512299,6.0,0.41394302248954773,20260420_14_42_20_0063_M1.wav,20260420,mic
1,2026-04-20T14:26:06.336215,2026-04-20T14:26:07.465080,6.0,0.41149765253067017,20260420_14_26_05_0609_M1.wav,20260420,mic
1,2026-04-20T19:16:09.022000,2026-04-20T19:16:10.642410,6.0,0.40615472197532654,20260420_19_16_09_0229_M1.wav,20260420,mic
1,2026-04-20T14:21:52.469681,2026-04-20T14:21:54.661338,6.0,0.4043142795562744,20260420_14_21_52_0879_M1.wav,20260420,mic
1,2026-04-20T14:44:16.640548,2026-04-20T14:44:19.004000,6.0,0.4035572409629822,20260420_14_44_09_0048_M1.wav,20260420,mic
1,2026-04-20T14:42:15.073000,2026-04-20T14:42:16.224501,6.0,0.39959701895713806,20260420_14_42_15_0730_M1.wav,20260420,mic
1,2026-04-20T19:05:58.297990,2026-04-20T19:06:01.034036,6.0,0.3970460891723633,20260420_19_05_56_0866_M1.wav,20260420,mic
1,2026-04-20T14:40:05.064772,2026-04-20T14:40:07.540406,6.0,0.3939085602760315,20260420_14_40_05_0417_M1.wav,20260420,mic
1,2026-04-20T14:40:34.583195,2026-04-20T14:40:36.992448,6.0,0.3854846954345703,20260420_14_40_27_0097_M1.wav,20260420,mic
1,2026-04-20T19:14:16.034000,2026-04-20T19:14:18.149968,6.0,0.37852731347084045,20260420_19_14_16_0348_M1.wav,20260420,mic
1,2026-04-20T14:41:51.587561,2026-04-20T14:41:53.342224,6.0,0.37737417221069336,20260420_14_41_49_0634_M1.wav,20260420,mic
1,2026-04-20T19:11:04.084000,2026-04-20T19:11:05.993100,6.0,0.3710600733757019,20260420_19_11_04_0840_M1.wav,20260420,mic
1,2026-04-20T14:25:49.179454,2026-04-20T14:25:50.418956,6.0,0.37080973386764526,20260420_14_25_48_0292_M1.wav,20260420,mic
1,2026-04-20T19:11:49.338595,2026-04-20T19:11:51.893373,6.0,0.3706826865673065,20260420_19_11_43_0858_M1.wav,20260420,mic
1,2026-04-20T14:24:52.271300,2026-04-20T14:24:53.040000,6.0,0.3627007007598877,20260420_14_24_43_0404_M1.wav,20260420,mic
1,2026-04-20T14:43:34.848479,2026-04-20T14:43:36.083000,6.0,0.35564374923706055,20260420_14_43_26_0837_M1.wav,20260420,mic
1,2026-04-20T19:07:09.015660,2026-04-20T19:07:11.078024,6.0,0.3545302152633667,20260420_19_07_01_0906_M1.wav,20260420,mic
1,2026-04-20T19:16:31.851146,2026-04-20T19:16:33.012800,6.0,0.35022735595703125,20260420_19_16_30_0976_M1.wav,20260420,mic
1,2026-04-20T14:43:44.025000,2026-04-20T14:43:45.515553,6.0,0.3499281406402588,20260420_14_43_44_0253_M1.wav,20260420,mic
1,2026-04-20T19:07:52.865889,2026-04-20T19:07:55.025000,6.0,0.3471025824546814,20260420_19_07_45_0254_M1.wav,20260420,mic
1,2026-04-20T19:12:02.830644,2026-04-20T19:12:05.437550,6.0,0.3460792899131775,20260420_19_12_01_0186_M1.wav,20260420,mic
1,2026-04-20T19:05:36.116215,2026-04-20T19:05:38.037237,6.0,0.34501755237579346,20260420_19_05_30_0822_M1.wav,20260420,mic
1,2026-04-20T14:45:03.636875,2026-04-20T14:45:06.089000,6.0,0.3447587788105011,20260420_14_44_56_0898_M1.wav,20260420,mic
1,2026-04-20T19:16:30.433738,2026-04-20T19:16:31.851616,6.0,0.3415842354297638,20260420_19_16_22_0253_M1.wav,20260420,mic
1,2026-04-20T14:39:32.523222,2026-04-20T14:39:34.264186,6.0,0.34099483489990234,20260420_14_39_32_0091_M1.wav,20260420,mic
1,2026-04-20T14:23:31.133904,2026-04-20T14:23:33.024148,6.0,0.3350660800933838,20260420_14_23_23_0802_M1.wav,20260420,mic
1,2026-04-20T14:27:35.013673,2026-04-20T14:27:37.545874,6.0,0.33270323276519775,20260420_14_27_35_0039_M1.wav,20260420,mic
1,2026-04-20T19:10:10.038500,2026-04-20T19:10:12.576670,6.0,0.3268756866455078,20260420_19_10_04_0045_M1.wav,20260420,mic
1,2026-04-20T14:44:30.078000,2026-04-20T14:44:32.727336,6.0,0.32521283626556396,20260420_14_44_30_0782_M1.wav,20260420,mic
1,2026-04-20T19:03:20.080000,2026-04-20T19:03:22.253117,6.0,0.3248092532157898,20260420_19_03_20_0806_M1.wav,20260420,mic
1,2026-04-20T19:16:35.038000,2026-04-20T19:16:37.240704,6.0,0.3240513801574707,20260420_19_16_35_0380_M1.wav,20260420,mic
1,2026-04-20T14:40:32.082000,2026-04-20T14:40:34.511471,6.0,0.3192181885242462,20260420_14_40_32_0827_M1.wav,20260420,mic
1,2026-04-20T14:25:31.694635,2026-04-20T14:25:34.046839,6.0,0.3161851167678833,20260420_14_25_25_0009_M1.wav,20260420,mic
1,2026-04-20T14:45:02.053000,2026-04-20T14:45:04.549029,6.0,0.31422173976898193,20260420_14_45_02_0532_M1.wav,20260420,mic
1,2026-04-20T14:44:07.592292,2026-04-20T14:44:10.035000,6.0,0.3137238025665283,20260420_14_44_00_0351_M1.wav,20260420,mic
1,2026-04-20T14:41:42.031000,2026-04-20T14:41:44.164704,6.0,0.311026394367218,20260420_14_41_42_0311_M1.wav,20260420,mic
1,2026-04-20T14:44:20.430601,2026-04-20T14:44:23.038000,6.0,0.30670812726020813,20260420_14_44_13_0381_M1.wav,20260420,mic
1,2026-04-20T14:42:18.178104,2026-04-20T14:42:20.162892,6.0,0.30283021926879883,20260420_14_42_12_0694_M1.wav,20260420,mic
1,2026-04-20T19:03:29.195486,2026-04-20T19:03:31.182471,6.0,0.300498366355896,20260420_19_03_25_0118_M1.wav,20260420,mic
1,2026-04-20T14:25:07.069000,2026-04-20T14:25:08.631062,6.0,0.2970840334892273,20260420_14_25_07_0696_M1.wav,20260420,mic
1,2026-04-20T14:42:39.220509,2026-04-20T14:42:40.363684,6.0,0.29348814487457275,20260420_14_42_33_0109_M1.wav,20260420,mic
1,2026-04-20T19:18:16.875330,2026-04-20T19:18:18.489338,6.0,0.28784579038619995,20260420_19_18_15_0183_M1.wav,20260420,mic
1,2026-04-20T14:30:11.867576,2026-04-20T14:30:13.072186,6.0,0.28731808066368103,20260420_14_30_03_0992_M1.wav,20260420,mic
1,2026-04-20T19:01:00.659595,2026-04-20T19:01:01.786649,6.0,0.28626665472984314,20260420_19_00_57_0871_M1.wav,20260420,mic
1,2026-04-20T14:42:20.006000,2026-04-20T14:42:22.285655,6.0,0.2862345278263092,20260420_14_42_20_0063_M1.wav,20260420,mic
1,2026-04-20T14:30:24.043962,2026-04-20T14:30:26.380445,6.0,0.2836713194847107,20260420_14_30_24_0073_M1.wav,20260420,mic
1,2026-04-20T14:39:52.064582,2026-04-20T14:39:54.519038,6.0,0.2832033634185791,20260420_14_39_52_0400_M1.wav,20260420,mic
1,2026-04-20T14:44:52.435257,2026-04-20T14:44:55.010460,6.0,0.28163862228393555,20260420_14_44_45_0173_M1.wav,20260420,mic
1,2026-04-20T19:03:25.134389,2026-04-20T19:03:26.012066,6.0,0.2775278687477112,20260420_19_03_16_0462_M1.wav,20260420,mic
1,2026-04-20T14:28:38.090084,2026-04-20T14:28:39.408793,6.0,0.27673062682151794,20260420_14_28_37_0205_M1.wav,20260420,mic
1,2026-04-20T19:18:10.085000,2026-04-20T19:18:12.303951,6.0,0.27500879764556885,20260420_19_18_10_0855_M1.wav,20260420,mic
1,2026-04-20T14:26:10.496657,2026-04-20T14:26:11.267861,6.0,0.2739940285682678,20260420_14_26_05_0609_M1.wav,20260420,mic
1,2026-04-20T19:07:23.058000,2026-04-20T19:07:25.445065,6.0,0.2720489203929901,20260420_19_07_23_0585_M1.wav,20260420,mic
1,2026-04-20T19:04:34.044000,2026-04-20T19:04:35.456110,6.0,0.2640244960784912,20260420_19_04_34_0445_M1.wav,20260420,mic
1,2026-04-20T14:30:45.090108,2026-04-20T14:30:47.435290,6.0,0.2639045715332031,20260420_14_30_45_0741_M1.wav,20260420,mic
1,2026-04-20T19:04:03.028460,2026-04-20T19:04:05.032541,6.0,0.26062774658203125,20260420_19_03_55_0460_M1.wav,20260420,mic
1,2026-04-20T19:10:56.463665,2026-04-20T19:10:58.654209,6.0,0.2564341425895691,20260420_19_10_56_0139_M1.wav,20260420,mic
1,2026-04-20T14:41:23.668461,2026-04-20T14:41:25.997058,6.0,0.25284484028816223,20260420_14_41_16_0215_M1.wav,20260420,mic
1,2026-04-20T14:42:00.151249,2026-04-20T14:42:02.720982,6.0,0.25281041860580444,20260420_14_41_59_0672_M1.wav,20260420,mic
1,2026-04-20T14:44:22.007000,2026-04-20T14:44:24.642038,6.0,0.25066226720809937,20260420_14_44_22_0071_M1.wav,20260420,mic
1,2026-04-20T14:42:47.070000,2026-04-20T14:42:49.515075,6.0,0.2501562237739563,20260420_14_42_47_0701_M1.wav,20260420,mic
1,2026-04-20T14:29:16.023000,2026-04-20T14:29:18.545201,6.0,0.24734240770339966,20260420_14_29_16_0233_M1.wav,20260420,mic
1,2026-04-20T14:28:34.974222,2026-04-20T14:28:37.520639,6.0,0.24330025911331177,20260420_14_28_32_0881_M1.wav,20260420,mic
1,2026-04-20T14:40:18.663566,2026-04-20T14:40:20.105488,6.0,0.2358057200908661,20260420_14_40_15_0493_M1.wav,20260420,mic
1,2026-04-20T19:13:28.063000,2026-04-20T19:13:30.225482,6.0,0.23447272181510925,20260420_19_13_28_0634_M1.wav,20260420,mic
1,2026-04-20T19:03:04.866011,2026-04-20T19:03:06.871774,6.0,0.23409223556518555,20260420_19_02_59_0111_M1.wav,20260420,mic
1,2026-04-20T14:25:39.065000,2026-04-20T14:25:41.056822,6.0,0.2336445450782776,20260420_14_25_39_0657_M1.wav,20260420,mic
1,2026-04-20T14:42:13.646087,2026-04-20T14:42:14.903693,6.0,0.23361259698867798,20260420_14_42_11_0390_M1.wav,20260420,mic
1,2026-04-20T14:28:31.036000,2026-04-20T14:28:33.569950,6.0,0.23355579376220703,20260420_14_28_31_0363_M1.wav,20260420,mic
1,2026-04-20T14:43:02.105427,2026-04-20T14:43:04.820881,6.0,0.23271381855010986,20260420_14_42_55_0150_M1.wav,20260420,mic
1,2026-04-20T14:25:01.950365,2026-04-20T14:25:04.070000,6.0,0.22830015420913696,20260420_14_24_54_0707_M1.wav,20260420,mic
1,2026-04-20T14:41:31.242528,2026-04-20T14:41:34.042383,6.0,0.22692295908927917,20260420_14_41_29_0277_M1.wav,20260420,mic
1,2026-04-20T14:41:03.057930,2026-04-20T14:41:03.997540,6.0,0.2267134189605713,20260420_14_40_54_0531_M1.wav,20260420,mic
1,2026-04-20T19:16:57.006000,2026-04-20T19:16:59.393330,6.0,0.2258203625679016,20260420_19_16_57_0062_M1.wav,20260420,mic
1,2026-04-20T14:45:08.614208,2026-04-20T14:45:09.341059,6.0,0.22526946663856506,20260420_14_45_02_0532_M1.wav,20260420,mic
1,2026-04-20T19:16:55.954175,2026-04-20T19:16:58.037000,6.0,0.2237766981124878,20260420_19_16_48_0375_M1.wav,20260420,mic
1,2026-04-20T19:04:20.353650,2026-04-20T19:04:23.055233,6.0,0.22148633003234863,20260420_19_04_17_0091_M1.wav,20260420,mic
1,2026-04-20T14:26:27.094341,2026-04-20T14:26:28.060000,6.0,0.2208709418773651,20260420_14_26_18_0601_M1.wav,20260420,mic
1,2026-04-20T14:22:37.124524,2026-04-20T14:22:39.509631,6.0,0.21993690729141235,20260420_14_22_37_0922_M1.wav,20260420,mic
1,2026-04-20T14:26:44.058000,2026-04-20T14:26:46.321122,6.0,0.2195104956626892,20260420_14_26_44_0581_M1.wav,20260420,mic
1,2026-04-20T14:44:28.679996,2026-04-20T14:44:30.612234,6.0,0.21928784251213074,20260420_14_44_27_0694_M1.wav,20260420,mic
1,2026-04-20T14:42:21.870797,2026-04-20T14:42:23.204076,6.0,0.2157585620880127,20260420_14_42_17_0059_M1.wav,20260420,mic
1,2026-04-20T14:32:05.295366,2026-04-20T14:32:06.300899,6.0,0.2140078842639923,20260420_14_31_59_0559_M1.wav,20260420,mic
1,2026-04-20T14:25:23.066411,2026-04-20T14:25:25.361323,6.0,0.20917972922325134,20260420_14_25_18_0033_M1.wav,20260420,mic
1,2026-04-20T14:28:40.003000,2026-04-20T14:28:42.518074,6.0,0.20587140321731567,20260420_14_28_40_0038_M1.wav,20260420,mic
1,2026-04-20T14:24:22.843997,2026-04-20T14:24:25.070696,6.0,0.2014048993587494,20260420_14_24_15_0764_M1.wav,20260420,mic
1,2026-04-20T14:44:36.039000,2026-04-20T14:44:38.629683,6.0,0.20045405626296997,20260420_14_44_36_0395_M1.wav,20260420,mic
1,2026-04-20T14:34:07.216108,2026-04-20T14:34:08.006000,6.0,0.19581398367881775,20260420_14_33_58_0068_M1.wav,20260420,mic
1,2026-04-20T19:02:07.571998,2026-04-20T19:02:08.571787,6.0,0.1957765817642212,20260420_19_02_07_0108_M1.wav,20260420,mic
1,2026-04-20T14:24:47.756881,2026-04-20T14:24:50.377375,6.0,0.19347399473190308,20260420_14_24_43_0404_M1.wav,20260420,mic
1,2026-04-20T14:43:09.362906,2026-04-20T14:43:10.076000,6.0,0.19294920563697815,20260420_14_43_00_0762_M1.wav,20260420,mic
1,2026-04-20T19:14:12.002000,2026-04-20T19:14:14.181077,6.0,0.19277077913284302,20260420_19_14_12_0027_M1.wav,20260420,mic
1,2026-04-20T19:16:22.025000,2026-04-20T19:16:24.138670,6.0,0.19190409779548645,20260420_19_16_22_0253_M1.wav,20260420,mic
1,2026-04-20T14:25:56.116892,2026-04-20T14:25:58.392601,6.0,0.18626558780670166,20260420_14_25_56_0941_M1.wav,20260420,mic
1,2026-04-20T19:15:04.008000,2026-04-20T19:15:06.354510,6.0,0.18537822365760803,20260420_19_15_04_0088_M1.wav,20260420,mic
1,2026-04-20T14:24:41.276003,2026-04-20T14:24:43.713693,6.0,0.18523943424224854,20260420_14_24_34_0762_M1.wav,20260420,mic
1,2026-04-20T14:44:24.837977,2026-04-20T14:44:27.050847,6.0,0.18515929579734802,20260420_14_44_17_0732_M1.wav,20260420,mic
1,2026-04-20T19:00:58.972648,2026-04-20T19:01:01.064522,6.0,0.1823214292526245,20260420_19_00_53_0546_M1.wav,20260420,mic
1,2026-04-20T19:13:06.094000,2026-04-20T19:13:08.454257,6.0,0.18041172623634338,20260420_19_13_06_0942_M1.wav,20260420,mic
1,2026-04-20T14:41:58.225169,2026-04-20T14:42:00.960944,6.0,0.17812910676002502,20260420_14_41_51_0003_M1.wav,20260420,mic
1,2026-04-20T14:43:05.008000,2026-04-20T14:43:07.345673,6.0,0.17556002736091614,20260420_14_43_05_0087_M1.wav,20260420,mic
1,2026-04-20T14:41:29.027000,2026-04-20T14:41:31.271819,6.0,0.17107483744621277,20260420_14_41_29_0277_M1.wav,20260420,mic
1,2026-04-20T14:41:18.321425,2026-04-20T14:41:20.420715,6.0,0.17076334357261658,20260420_14_41_16_0215_M1.wav,20260420,mic
1,2026-04-20T19:11:30.085000,2026-04-20T19:11:32.294399,6.0,0.1688605546951294,20260420_19_11_30_0855_M1.wav,20260420,mic
1,2026-04-20T14:42:15.739845,2026-04-20T14:42:17.770247,6.0,0.16704660654067993,20260420_14_42_15_0730_M1.wav,20260420,mic
1,2026-04-20T14:31:56.062642,2026-04-20T14:31:58.242032,6.0,0.16414541006088257,20260420_14_31_56_0617_M1.wav,20260420,mic
1,2026-04-20T14:25:44.758764,2026-04-20T14:25:45.856153,6.0,0.16276878118515015,20260420_14_25_42_0386_M1.wav,20260420,mic
1,2026-04-20T14:27:27.658899,2026-04-20T14:27:28.938389,6.0,0.16195246577262878,20260420_14_27_19_0243_M1.wav,20260420,mic
1,2026-04-20T14:28:36.972639,2026-04-20T14:28:38.056000,6.0,0.15895113348960876,20260420_14_28_28_0560_M1.wav,20260420,mic
1,2026-04-20T14:40:10.791214,2026-04-20T14:40:12.047000,6.0,0.15825232863426208,20260420_14_40_02_0473_M1.wav,20260420,mic
1,2026-04-20T19:12:36.019000,2026-04-20T19:12:38.544301,6.0,0.15813016891479492,20260420_19_12_36_0194_M1.wav,20260420,mic
1,2026-04-20T14:25:20.133785,2026-04-20T14:25:22.645243,6.0,0.1572871208190918,20260420_14_25_20_0690_M1.wav,20260420,mic
1,2026-04-20T14:22:18.421888,2026-04-20T14:22:20.780734,6.0,0.15430691838264465,20260420_14_22_11_0988_M1.wav,20260420,mic
1,2026-04-20T14:28:24.114825,2026-04-20T14:28:25.028967,6.0,0.15221846103668213,20260420_14_28_15_0565_M1.wav,20260420,mic
1,2026-04-20T14:22:40.355200,2026-04-20T14:22:41.088000,6.0,0.1521323323249817,20260420_14_22_31_0889_M1.wav,20260420,mic
1,2026-04-20T14:38:53.254521,2026-04-20T14:38:54.036000,6.0,0.15104907751083374,20260420_14_38_44_0364_M1.wav,20260420,mic
1,2026-04-20T19:02:46.012000,2026-04-20T19:02:48.188049,6.0,0.1500452160835266,20260420_19_02_46_0129_M1.wav,20260420,mic
1,2026-04-20T14:27:29.629012,2026-04-20T14:27:32.003000,6.0,0.146104097366333,20260420_14_27_22_0030_M1.wav,20260420,mic
1,2026-04-20T14:39:49.299162,2026-04-20T14:39:50.511218,6.0,0.14533519744873047,20260420_14_39_43_0745_M1.wav,20260420,mic
1,2026-04-20T14:41:22.710656,2026-04-20T14:41:24.041001,6.0,0.14489635825157166,20260420_14_41_14_0855_M1.wav,20260420,mic
1,2026-04-20T19:12:53.087000,2026-04-20T19:12:55.511183,6.0,0.14468640089035034,20260420_19_12_53_0872_M1.wav,20260420,mic
1,2026-04-20T14:26:52.653410,2026-04-20T14:26:54.352926,6.0,0.14454251527786255,20260420_14_26_47_0332_M1.wav,20260420,mic
1,2026-04-20T14:39:43.074000,2026-04-20T14:39:45.553550,6.0,0.14442414045333862,20260420_14_39_43_0745_M1.wav,20260420,mic
1,2026-04-20T19:18:54.173398,2026-04-20T19:18:55.053803,6.0,0.1416066288948059,20260420_19_18_45_0621_M1.wav,20260420,mic
1,2026-04-20T19:14:08.800462,2026-04-20T19:14:10.499676,6.0,0.1401175558567047,20260420_19_14_07_0673_M1.wav,20260420,mic
1,2026-04-20T14:28:38.661553,2026-04-20T14:28:41.036000,6.0,0.13802605867385864,20260420_14_28_31_0363_M1.wav,20260420,mic
1,2026-04-20T19:04:44.365596,2026-04-20T19:04:46.641526,6.0,0.13713625073432922,20260420_19_04_38_0783_M1.wav,20260420,mic
1,2026-04-20T14:28:53.006000,2026-04-20T14:28:55.015624,6.0,0.1352996826171875,20260420_14_28_53_0063_M1.wav,20260420,mic
1,2026-04-20T14:40:31.460133,2026-04-20T14:40:32.609146,6.0,0.13515770435333252,20260420_14_40_31_0437_M1.wav,20260420,mic
1,2026-04-20T14:25:37.711842,2026-04-20T14:25:38.745832,6.0,0.133949875831604,20260420_14_25_35_0328_M1.wav,20260420,mic
1,2026-04-20T19:02:13.137458,2026-04-20T19:02:15.264769,6.0,0.1337783932685852,20260420_19_02_11_0455_M1.wav,20260420,mic
1,2026-04-20T14:44:54.463146,2026-04-20T14:44:56.512158,6.0,0.13241854310035706,20260420_14_44_48_0216_M1.wav,20260420,mic
1,2026-04-20T14:24:59.152177,2026-04-20T14:24:59.960610,6.0,0.1316981017589569,20260420_14_24_50_0364_M1.wav,20260420,mic
1,2026-04-20T14:26:00.272372,2026-04-20T14:26:01.251484,6.0,0.1309967041015625,20260420_14_25_55_0373_M1.wav,20260420,mic
1,2026-04-20T14:42:49.385001,2026-04-20T14:42:51.949477,6.0,0.12685748934745789,20260420_14_42_42_0106_M1.wav,20260420,mic
1,2026-04-20T14:29:08.254826,2026-04-20T14:29:09.466575,6.0,0.12557026743888855,20260420_14_29_03_0225_M1.wav,20260420,mic
1,2026-04-20T14:44:39.045000,2026-04-20T14:44:40.590818,6.0,0.12520578503608704,20260420_14_44_39_0457_M1.wav,20260420,mic
1,2026-04-20T14:25:40.733174,2026-04-20T14:25:43.069000,6.0,0.12341377139091492,20260420_14_25_33_0692_M1.wav,20260420,mic
1,2026-04-20T19:15:38.087000,2026-04-20T19:15:39.783835,6.0,0.12294235825538635,20260420_19_15_38_0870_M1.wav,20260420,mic
1,2026-04-20T19:04:28.557808,2026-04-20T19:04:31.044000,6.0,0.12246793508529663,20260420_19_04_21_0443_M1.wav,20260420,mic
1,2026-04-20T19:03:18.667975,2026-04-20T19:03:19.395760,6.0,0.11786922812461853,20260420_19_03_12_0145_M1.wav,20260420,mic
1,2026-04-20T14:21:59.615556,2026-04-20T14:22:01.007451,6.0,0.11547964811325073,20260420_14_21_59_0005_M1.wav,20260420,mic
1,2026-04-20T14:24:04.287647,2026-04-20T14:24:05.553304,6.0,0.11501204967498779,20260420_14_23_58_0390_M1.wav,20260420,mic
1,2026-04-20T19:18:39.162556,2026-04-20T19:18:41.653733,6.0,0.11364531517028809,20260420_19_18_36_0932_M1.wav,20260420,mic
1,2026-04-20T19:02:06.650072,2026-04-20T19:02:08.023444,6.0,0.11280560493469238,20260420_19_02_02_0799_M1.wav,20260420,mic
1,2026-04-20T19:13:14.861143,2026-04-20T19:13:16.094000,6.0,0.11259064078330994,20260420_19_13_06_0942_M1.wav,20260420,mic
1,2026-04-20T14:44:58.604665,2026-04-20T14:45:01.288308,6.0,0.11120757460594177,20260420_14_44_56_0898_M1.wav,20260420,mic
1,2026-04-20T14:27:58.415259,2026-04-20T14:28:00.029682,6.0,0.10897970199584961,20260420_14_27_56_0729_M1.wav,20260420,mic
1,2026-04-20T19:14:31.060874,2026-04-20T19:14:32.316961,6.0,0.10733333230018616,20260420_19_14_29_0375_M1.wav,20260420,mic
1,2026-04-20T14:33:11.771791,2026-04-20T14:33:14.063000,6.0,0.10705006122589111,20260420_14_33_04_0638_M1.wav,20260420,mic
1,2026-04-20T14:31:13.045495,2026-04-20T14:31:15.514502,6.0,0.1065472662448883,20260420_14_31_13_0281_M1.wav,20260420,mic
1,2026-04-20T19:15:56.022000,2026-04-20T19:15:58.380055,6.0,0.1054408848285675,20260420_19_15_56_0227_M1.wav,20260420,mic
1,2026-04-20T14:29:47.812228,2026-04-20T14:29:49.966253,6.0,0.10507860779762268,20260420_14_29_40_0750_M1.wav,20260420,mic
1,2026-04-20T14:22:33.106539,2026-04-20T14:22:35.515435,6.0,0.10323360562324524,20260420_14_22_33_0574_M1.wav,20260420,mic
1,2026-04-20T19:10:36.266323,2026-04-20T19:10:38.940497,6.0,0.10306933522224426,20260420_19_10_34_0398_M1.wav,20260420,mic
2,2026-04-20T14:23:18.391377,2026-04-20T14:23:20.003338,1.0,0.32041603326797485,20260420_14_23_10_0830_M2.wav,20260420,mic
2,2026-04-20T19:00:53.054000,2026-04-20T19:00:56.563467,1.0,0.22651532292366028,20260420_19_00_53_0546_M2.wav,20260420,mic
2,2026-04-20T19:01:18.687774,2026-04-20T19:01:24.929908,1.0,0.22463563084602356,20260420_19_01_15_0185_M2.wav,20260420,mic
2,2026-04-20T14:23:25.069113,2026-04-20T14:23:26.747139,1.0,0.1713390052318573,20260420_14_23_25_0513_M2.wav,20260420,mic
2,2026-04-20T14:21:51.896000,2026-04-20T14:21:53.205450,1.0,0.15752598643302917,20260420_14_21_50_0358_M2.wav,20260420,mic
2,2026-04-20T14:22:12.584853,2026-04-20T14:22:15.035441,1.0,0.13483300805091858,20260420_14_22_05_0873_M2.wav,20260420,mic
1,2026-04-20T19:00:28.957058,2026-04-20T19:00:30.025689,2.0,0.8044778108596802,20260420_19_00_20_0602_M1.wav,20260420,mic
1,2026-04-20T19:00:56.567784,2026-04-20T19:00:56.743429,2.0,0.6919738054275513,20260420_19_00_53_0546_M1.wav,20260420,mic
1,2026-04-20T19:09:59.122628,2026-04-20T19:10:01.631100,2.0,0.686398983001709,20260420_19_09_59_0692_M1.wav,20260420,mic
1,2026-04-20T14:45:09.466619,2026-04-20T14:45:09.762885,2.0,0.667950451374054,20260420_14_45_02_0532_M1.wav,20260420,mic
1,2026-04-20T14:44:23.017985,2026-04-20T14:44:23.393847,2.0,0.6603527069091797,20260420_14_44_17_0732_M1.wav,20260420,mic
1,2026-04-20T14:40:59.792701,2026-04-20T14:41:00.020932,2.0,0.6191902160644531,20260420_14_40_58_0865_M1.wav,20260420,mic
1,2026-04-20T14:40:59.645844,2026-04-20T14:40:59.883574,2.0,0.6148708462715149,20260420_14_40_54_0531_M1.wav,20260420,mic
1,2026-04-20T14:40:59.488326,2026-04-20T14:40:59.707773,2.0,0.6140362620353699,20260420_14_40_50_0173_M1.wav,20260420,mic
1,2026-04-20T19:00:56.286029,2026-04-20T19:00:56.470587,2.0,0.5896701812744141,20260420_19_00_47_0202_M1.wav,20260420,mic
1,2026-04-20T14:22:01.549832,2026-04-20T14:22:02.125290,2.0,0.5580075979232788,20260420_14_22_01_0524_M1.wav,20260420,mic
1,2026-04-20T19:02:59.811709,2026-04-20T19:03:00.007185,2.0,0.5361447334289551,20260420_19_02_50_0449_M1.wav,20260420,mic
1,2026-04-20T14:22:07.682929,2026-04-20T14:22:09.070804,2.0,0.48720020055770874,20260420_14_22_01_0524_M1.wav,20260420,mic
1,2026-04-20T14:22:12.224250,2026-04-20T14:22:13.142174,2.0,0.4678521752357483,20260420_14_22_10_0193_M1.wav,20260420,mic
1,2026-04-20T14:44:22.835247,2026-04-20T14:44:23.015525,2.0,0.46603816747665405,20260420_14_44_13_0381_M1.wav,20260420,mic
1,2026-04-20T14:22:00.372827,2026-04-20T14:22:00.806184,2.0,0.45418113470077515,20260420_14_21_52_0879_M1.wav,20260420,mic
1,2026-04-20T19:14:26.443512,2026-04-20T19:14:30.021109,2.0,0.4207446277141571,20260420_19_14_20_0694_M1.wav,20260420,mic
1,2026-04-20T14:40:38.068269,2026-04-20T14:40:38.341875,2.0,0.4186667501926422,20260420_14_40_37_0158_M1.wav,20260420,mic
1,2026-04-20T14:44:24.115546,2026-04-20T14:44:24.476903,2.0,0.41312775015830994,20260420_14_44_22_0071_M1.wav,20260420,mic
1,2026-04-20T14:35:33.248259,2026-04-20T14:35:33.470687,2.0,0.41277146339416504,20260420_14_35_33_0416_M1.wav,20260420,mic
1,2026-04-20T14:40:36.877594,2026-04-20T14:40:37.157821,2.0,0.3995896875858307,20260420_14_40_28_0501_M1.wav,20260420,mic
1,2026-04-20T19:01:11.686272,2026-04-20T19:01:11.998706,2.0,0.3840719163417816,20260420_19_01_02_0214_M1.wav,20260420,mic
1,2026-04-20T14:27:19.153354,2026-04-20T14:27:19.338028,2.0,0.342265784740448,20260420_14_27_19_0243_M1.wav,20260420,mic
1,2026-04-20T14:36:16.677207,2026-04-20T14:36:16.841886,2.0,0.3294214606285095,20260420_14_36_08_0071_M1.wav,20260420,mic
1,2026-04-20T14:36:17.052966,2026-04-20T14:36:17.209078,2.0,0.3198705315589905,20260420_14_36_15_0418_M1.wav,20260420,mic
1,2026-04-20T14:33:09.033127,2026-04-20T14:33:09.374141,2.0,0.3142615854740143,20260420_14_33_06_0053_M1.wav,20260420,mic
1,2026-04-20T14:45:08.406728,2026-04-20T14:45:08.595849,2.0,0.31371456384658813,20260420_14_45_01_0272_M1.wav,20260420,mic
1,2026-04-20T14:40:37.299939,2026-04-20T14:40:37.613266,2.0,0.31117966771125793,20260420_14_40_35_0795_M1.wav,20260420,mic
1,2026-04-20T14:42:59.123075,2026-04-20T14:42:59.341729,2.0,0.30745142698287964,20260420_14_42_52_0057_M1.wav,20260420,mic
1,2026-04-20T14:27:17.958995,2026-04-20T14:27:18.120738,2.0,0.30434709787368774,20260420_14_27_10_0610_M1.wav,20260420,mic
1,2026-04-20T14:40:24.061352,2026-04-20T14:40:24.898758,2.0,0.29966428875923157,20260420_14_40_24_0139_M1.wav,20260420,mic
1,2026-04-20T14:33:07.990541,2026-04-20T14:33:08.303815,2.0,0.2829788327217102,20260420_14_33_01_0705_M1.wav,20260420,mic
1,2026-04-20T14:43:26.578781,2026-04-20T14:43:26.796308,2.0,0.2731303870677948,20260420_14_43_26_0837_M1.wav,20260420,mic
1,2026-04-20T14:23:23.951501,2026-04-20T14:23:24.232515,2.0,0.26759225130081177,20260420_14_23_23_0802_M1.wav,20260420,mic
1,2026-04-20T14:42:59.328780,2026-04-20T14:42:59.534895,2.0,0.2572731375694275,20260420_14_42_55_0150_M1.wav,20260420,mic
1,2026-04-20T14:45:10.566829,2026-04-20T14:45:10.736413,2.0,0.256122350692749,20260420_14_45_02_0532_M1.wav,20260420,mic
1,2026-04-20T14:35:33.065567,2026-04-20T14:35:33.305557,2.0,0.25307750701904297,20260420_14_35_29_0088_M1.wav,20260420,mic
1,2026-04-20T14:27:18.563108,2026-04-20T14:27:18.726485,2.0,0.2528705596923828,20260420_14_27_17_0706_M1.wav,20260420,mic
1,2026-04-20T14:35:58.412598,2026-04-20T14:35:58.668044,2.0,0.2517976760864258,20260420_14_35_55_0077_M1.wav,20260420,mic
1,2026-04-20T14:22:11.127781,2026-04-20T14:22:12.070692,2.0,0.2454192042350769,20260420_14_22_05_0873_M1.wav,20260420,mic
1,2026-04-20T19:09:39.604197,2026-04-20T19:09:43.016052,2.0,0.24081477522850037,20260420_19_09_33_0666_M1.wav,20260420,mic
1,2026-04-20T14:42:58.250845,2026-04-20T14:42:58.462775,2.0,0.23847052454948425,20260420_14_42_50_0807_M1.wav,20260420,mic
1,2026-04-20T14:27:18.137118,2026-04-20T14:27:18.299585,2.0,0.2344946563243866,20260420_14_27_14_0928_M1.wav,20260420,mic
1,2026-04-20T14:33:08.173975,2026-04-20T14:33:08.469840,2.0,0.22936898469924927,20260420_14_33_00_0296_M1.wav,20260420,mic
1,2026-04-20T14:22:06.666006,2026-04-20T14:22:06.983209,2.0,0.22606119513511658,20260420_14_21_57_0205_M1.wav,20260420,mic
1,2026-04-20T19:14:55.067718,2026-04-20T19:14:58.808842,2.0,0.22073915600776672,20260420_19_14_55_0413_M1.wav,20260420,mic
1,2026-04-20T14:29:50.673913,2026-04-20T14:29:52.256382,2.0,0.2186833918094635,20260420_14_29_50_0984_M1.wav,20260420,mic
1,2026-04-20T14:42:36.454969,2026-04-20T14:42:36.613259,2.0,0.214339017868042,20260420_14_42_34_0513_M1.wav,20260420,mic
1,2026-04-20T14:35:57.600797,2026-04-20T14:35:57.918887,2.0,0.21327060461044312,20260420_14_35_53_0755_M1.wav,20260420,mic
1,2026-04-20T14:44:05.288564,2026-04-20T14:44:05.621711,2.0,0.21198466420173645,20260420_14_44_01_0639_M1.wav,20260420,mic
1,2026-04-20T14:42:59.506678,2026-04-20T14:42:59.744640,2.0,0.20844361186027527,20260420_14_42_59_0490_M1.wav,20260420,mic
1,2026-04-20T14:33:08.356711,2026-04-20T14:33:08.660955,2.0,0.2062065303325653,20260420_14_33_04_0638_M1.wav,20260420,mic
1,2026-04-20T14:24:52.741321,2026-04-20T14:24:52.972572,2.0,0.20587247610092163,20260420_14_24_52_0045_M1.wav,20260420,mic
1,2026-04-20T14:43:25.340246,2026-04-20T14:43:25.554929,2.0,0.20368030667304993,20260420_14_43_16_0879_M1.wav,20260420,mic
1,2026-04-20T14:22:00.185100,2026-04-20T14:22:02.063381,2.0,0.19904059171676636,20260420_14_21_52_0879_M1.wav,20260420,mic
1,2026-04-20T14:31:26.029000,2026-04-20T14:31:29.935796,2.0,0.18818765878677368,20260420_14_31_26_0297_M1.wav,20260420,mic
1,2026-04-20T14:35:58.634347,2026-04-20T14:35:58.929496,2.0,0.18721473217010498,20260420_14_35_58_0080_M1.wav,20260420,mic
1,2026-04-20T14:22:55.121807,2026-04-20T14:22:55.538764,2.0,0.18635809421539307,20260420_14_22_55_0213_M1.wav,20260420,mic
1,2026-04-20T14:44:31.525831,2026-04-20T14:44:32.007000,2.0,0.17994889616966248,20260420_14_44_22_0071_M1.wav,20260420,mic
1,2026-04-20T14:36:52.643102,2026-04-20T14:36:55.023520,2.0,0.17884474992752075,20260420_14_36_45_0827_M1.wav,20260420,mic
1,2026-04-20T19:08:34.941527,2026-04-20T19:08:37.984188,2.0,0.17579051852226257,20260420_19_08_28_0604_M1.wav,20260420,mic
1,2026-04-20T14:36:35.778322,2026-04-20T14:36:38.994555,2.0,0.17062899470329285,20260420_14_36_29_0728_M1.wav,20260420,mic
1,2026-04-20T19:06:20.660480,2026-04-20T19:06:20.921604,2.0,0.16594189405441284,20260420_19_06_14_0216_M1.wav,20260420,mic
1,2026-04-20T19:01:13.165066,2026-04-20T19:01:13.596761,2.0,0.1636083722114563,20260420_19_01_06_0529_M1.wav,20260420,mic
1,2026-04-20T14:35:32.234438,2026-04-20T14:35:32.449557,2.0,0.16107723116874695,20260420_14_35_27_0753_M1.wav,20260420,mic
1,2026-04-20T19:09:46.070000,2026-04-20T19:09:49.996436,2.0,0.15856489539146423,20260420_19_09_46_0703_M1.wav,20260420,mic
1,2026-04-20T14:44:05.497366,2026-04-20T14:44:05.812014,2.0,0.15572723746299744,20260420_14_44_04_0713_M1.wav,20260420,mic
1,2026-04-20T14:29:00.502439,2026-04-20T14:29:03.995282,2.0,0.15493658185005188,20260420_14_28_54_0556_M1.wav,20260420,mic
1,2026-04-20T14:22:24.506073,2026-04-20T14:22:24.662866,2.0,0.15442848205566406,20260420_14_22_23_0194_M1.wav,20260420,mic
1,2026-04-20T14:36:16.884643,2026-04-20T14:36:17.045978,2.0,0.15194863080978394,20260420_14_36_11_0075_M1.wav,20260420,mic
1,2026-04-20T14:44:05.133152,2026-04-20T14:44:05.425150,2.0,0.15147650241851807,20260420_14_43_57_0309_M1.wav,20260420,mic
1,2026-04-20T14:36:15.847134,2026-04-20T14:36:16.003597,2.0,0.1480787992477417,20260420_14_36_06_0754_M1.wav,20260420,mic
1,2026-04-20T19:16:48.977670,2026-04-20T19:16:49.218064,2.0,0.14491447806358337,20260420_19_16_48_0375_M1.wav,20260420,mic
1,2026-04-20T19:17:39.085697,2026-04-20T19:17:39.253690,2.0,0.143561452627182,20260420_19_17_31_0767_M1.wav,20260420,mic
1,2026-04-20T14:38:04.403221,2026-04-20T14:38:04.795566,2.0,0.14298683404922485,20260420_14_38_00_0873_M1.wav,20260420,mic
1,2026-04-20T14:44:01.261679,2026-04-20T14:44:01.510172,2.0,0.1411648690700531,20260420_14_43_52_0969_M1.wav,20260420,mic
1,2026-04-20T14:36:32.755731,2026-04-20T14:36:32.992966,2.0,0.13157814741134644,20260420_14_36_25_0399_M1.wav,20260420,mic
1,2026-04-20T14:22:11.838150,2026-04-20T14:22:12.355378,2.0,0.13063731789588928,20260420_14_22_03_0321_M1.wav,20260420,mic
1,2026-04-20T14:27:18.428924,2026-04-20T14:27:18.584172,2.0,0.12541985511779785,20260420_14_27_13_0350_M1.wav,20260420,mic
1,2026-04-20T14:40:47.333538,2026-04-20T14:40:49.949812,2.0,0.12428298592567444,20260420_14_40_40_0127_M1.wav,20260420,mic
1,2026-04-20T14:43:54.624699,2026-04-20T14:43:54.846883,2.0,0.12230458855628967,20260420_14_43_52_0969_M1.wav,20260420,mic
1,2026-04-20T14:23:22.035260,2026-04-20T14:23:23.041211,2.0,0.11845645308494568,20260420_14_23_21_0171_M1.wav,20260420,mic
1,2026-04-20T19:05:17.082000,2026-04-20T19:05:20.569892,2.0,0.11707842350006104,20260420_19_05_17_0825_M1.wav,20260420,mic
1,2026-04-20T14:35:57.331023,2026-04-20T14:35:57.625410,2.0,0.11618536710739136,20260420_14_35_50_0740_M1.wav,20260420,mic
1,2026-04-20T14:23:30.934598,2026-04-20T14:23:31.752466,2.0,0.11510783433914185,20260420_14_23_28_0126_M1.wav,20260420,mic
1,2026-04-20T14:33:21.279707,2026-04-20T14:33:24.007788,2.0,0.11433646082878113,20260420_14_33_14_0705_M1.wav,20260420,mic
1,2026-04-20T14:44:50.296092,2026-04-20T14:44:50.519383,2.0,0.11139234900474548,20260420_14_44_48_0216_M1.wav,20260420,mic
1,2026-04-20T14:38:04.621480,2026-04-20T14:38:04.997011,2.0,0.11107468605041504,20260420_14_38_03_0898_M1.wav,20260420,mic
1,2026-04-20T19:14:33.069000,2026-04-20T19:14:37.505406,2.0,0.10935673117637634,20260420_19_14_33_0697_M1.wav,20260420,mic
1,2026-04-20T19:00:47.488168,2026-04-20T19:00:48.135194,2.0,0.10702726244926453,20260420_19_00_47_0202_M1.wav,20260420,mic
1,2026-04-20T14:43:48.256142,2026-04-20T14:43:48.880379,2.0,0.1061977744102478,20260420_14_43_47_0337_M1.wav,20260420,mic
1,2026-04-20T19:15:08.041000,2026-04-20T19:15:11.962321,2.0,0.10434269905090332,20260420_19_15_08_0419_M1.wav,20260420,mic
1,2026-04-20T19:17:39.879592,2026-04-20T19:17:40.123734,2.0,0.10224628448486328,20260420_19_17_36_0124_M1.wav,20260420,mic
1,2026-04-20T14:22:23.880887,2026-04-20T14:22:24.052045,2.0,0.10189202427864075,20260420_14_22_20_0620_M1.wav,20260420,mic
1,2026-04-20T14:38:04.198011,2026-04-20T14:38:04.575598,2.0,0.10028713941574097,20260420_14_37_56_0549_M1.wav,20260420,mic
1,2026-04-20T19:00:20.060000,2026-04-20T19:00:27.481933,1.0,0.6987963318824768,20260420_19_00_20_0602_M1.wav,20260420,mic
1,2026-04-20T19:00:53.901891,2026-04-20T19:00:57.003093,1.0,0.6276144981384277,20260420_19_00_47_0202_M1.wav,20260420,mic
1,2026-04-20T14:23:37.743604,2026-04-20T14:23:39.026133,1.0,0.3845003843307495,20260420_14_23_29_0854_M1.wav,20260420,mic
1,2026-04-20T14:26:26.771796,2026-04-20T14:26:27.989804,1.0,0.29523032903671265,20260420_14_26_18_0601_M1.wav,20260420,mic
1,2026-04-20T19:00:57.256923,2026-04-20T19:01:03.351616,1.0,0.2617066502571106,20260420_19_00_57_0871_M1.wav,20260420,mic
1,2026-04-20T14:30:18.696168,2026-04-20T14:30:20.933935,1.0,0.24871984124183655,20260420_14_30_11_0071_M1.wav,20260420,mic
1,2026-04-20T14:29:50.448020,2026-04-20T14:29:51.952206,1.0,0.15209001302719116,20260420_14_29_42_0289_M1.wav,20260420,mic
1,2026-04-20T14:23:25.100166,2026-04-20T14:23:26.852924,1.0,0.13628503680229187,20260420_14_23_25_0513_M1.wav,20260420,mic
1,2026-04-20T14:30:22.792113,2026-04-20T14:30:24.976752,1.0,0.12262424826622009,20260420_14_30_15_0400_M1.wav,20260420,mic
1,2026-04-20T14:27:06.307205,2026-04-20T14:27:13.936751,1.0,0.12047821283340454,20260420_14_27_06_0236_M1.wav,20260420,mic
1,2026-04-20T14:32:12.113945,2026-04-20T14:32:19.661239,1.0,0.11065900325775146,20260420_14_32_12_0561_M1.wav,20260420,mic
1,2026-04-20T14:44:25.703711,2026-04-20T14:44:28.034151,1.0,0.10534536838531494,20260420_14_44_18_0997_M1.wav,20260420,mic
1,2026-04-20T14:28:51.494802,2026-04-20T14:28:58.008247,5.0,0.7876701951026917,20260420_14_28_48_0723_M1.wav,20260420,mic
1,2026-04-20T19:07:16.971706,2026-04-20T19:07:24.025191,5.0,0.7328357696533203,20260420_19_07_14_0928_M1.wav,20260420,mic
1,2026-04-20T14:31:31.101753,2026-04-20T14:31:35.964303,5.0,0.7081621289253235,20260420_14_31_26_0297_M1.wav,20260420,mic
1,2026-04-20T19:09:01.469009,2026-04-20T19:09:08.941415,5.0,0.6825586557388306,20260420_19_08_59_0010_M1.wav,20260420,mic
1,2026-04-20T14:37:15.698645,2026-04-20T14:37:22.722482,5.0,0.6231014132499695,20260420_14_37_13_0132_M1.wav,20260420,mic
1,2026-04-20T14:30:32.298947,2026-04-20T14:30:37.982761,5.0,0.6207437515258789,20260420_14_30_28_0403_M1.wav,20260420,mic
1,2026-04-20T14:36:45.425594,2026-04-20T14:36:50.973094,5.0,0.5894151926040649,20260420_14_36_41_0466_M1.wav,20260420,mic
1,2026-04-20T14:29:45.318361,2026-04-20T14:29:52.887830,5.0,0.5757601261138916,20260420_14_29_45_0081_M1.wav,20260420,mic
1,2026-04-20T14:36:53.948313,2026-04-20T14:36:59.905279,5.0,0.5649389624595642,20260420_14_36_50_0153_M1.wav,20260420,mic
1,2026-04-20T14:30:36.374103,2026-04-20T14:30:43.985784,5.0,0.5638887882232666,20260420_14_30_34_0312_M1.wav,20260420,mic
1,2026-04-20T14:38:58.746196,2026-04-20T14:39:05.014285,5.0,0.5601436495780945,20260420_14_38_55_0992_M1.wav,20260420,mic
1,2026-04-20T14:28:35.716383,2026-04-20T14:28:41.998451,5.0,0.5488208532333374,20260420_14_28_32_0881_M1.wav,20260420,mic
1,2026-04-20T19:09:32.204326,2026-04-20T19:09:38.966860,5.0,0.5344485640525818,20260420_19_09_29_0341_M1.wav,20260420,mic
1,2026-04-20T14:36:40.899069,2026-04-20T14:36:46.925621,5.0,0.5252385139465332,20260420_14_36_37_0138_M1.wav,20260420,mic
1,2026-04-20T19:15:27.308536,2026-04-20T19:15:34.792105,5.0,0.5126208662986755,20260420_19_15_25_0831_M1.wav,20260420,mic
1,2026-04-20T19:15:48.547703,2026-04-20T19:15:52.949323,5.0,0.511340320110321,20260420_19_15_43_0195_M1.wav,20260420,mic
1,2026-04-20T14:40:09.132636,2026-04-20T14:40:15.251378,5.0,0.5058607459068298,20260420_14_40_09_0766_M1.wav,20260420,mic
1,2026-04-20T19:10:11.730998,2026-04-20T19:10:17.920262,5.0,0.5016112327575684,20260420_19_10_08_0365_M1.wav,20260420,mic
1,2026-04-20T14:30:15.126296,2026-04-20T14:30:22.637878,5.0,0.4973459541797638,20260420_14_30_15_0400_M1.wav,20260420,mic
1,2026-04-20T14:42:07.965888,2026-04-20T14:42:12.040204,5.0,0.4749184548854828,20260420_14_42_02_0687_M1.wav,20260420,mic
1,2026-04-20T14:29:13.713136,2026-04-20T14:29:19.977014,5.0,0.472357839345932,20260420_14_29_10_0383_M1.wav,20260420,mic
1,2026-04-20T19:15:03.988204,2026-04-20T19:15:09.018017,5.0,0.46678197383880615,20260420_19_14_59_0744_M1.wav,20260420,mic
1,2026-04-20T19:09:40.939817,2026-04-20T19:09:47.947552,5.0,0.4632125794887543,20260420_19_09_38_0019_M1.wav,20260420,mic
1,2026-04-20T14:29:58.067318,2026-04-20T14:30:05.674850,5.0,0.4555675685405731,20260420_14_29_58_0084_M1.wav,20260420,mic
1,2026-04-20T14:30:03.384442,2026-04-20T14:30:10.972868,5.0,0.43749842047691345,20260420_14_30_03_0992_M1.wav,20260420,mic
1,2026-04-20T14:23:54.299085,2026-04-20T14:24:01.869502,5.0,0.4318579435348511,20260420_14_23_54_0073_M1.wav,20260420,mic
1,2026-04-20T14:28:44.360324,2026-04-20T14:28:51.944038,5.0,0.4113794267177582,20260420_14_28_44_0360_M1.wav,20260420,mic
1,2026-04-20T14:39:07.655285,2026-04-20T14:39:13.998811,5.0,0.39759689569473267,20260420_14_39_04_0698_M1.wav,20260420,mic
1,2026-04-20T19:13:18.764924,2026-04-20T19:13:24.998310,5.0,0.3781733512878418,20260420_19_13_15_0586_M1.wav,20260420,mic
1,2026-04-20T19:14:09.557160,2026-04-20T19:14:17.023983,5.0,0.36790668964385986,20260420_19_14_07_0673_M1.wav,20260420,mic
1,2026-04-20T19:08:57.447730,2026-04-20T19:09:03.996927,5.0,0.3620801568031311,20260420_19_08_54_0667_M1.wav,20260420,mic
1,2026-04-20T19:14:35.581610,2026-04-20T19:14:43.006459,5.0,0.36173292994499207,20260420_19_14_33_0697_M1.wav,20260420,mic
1,2026-04-20T19:09:20.102652,2026-04-20T19:09:27.588408,5.0,0.34970512986183167,20260420_19_09_20_0670_M1.wav,20260420,mic
1,2026-04-20T14:29:19.304139,2026-04-20T14:29:26.895358,5.0,0.3484923839569092,20260420_14_29_19_0060_M1.wav,20260420,mic
1,2026-04-20T19:15:06.819644,2026-04-20T19:15:13.959000,5.0,0.3458494544029236,20260420_19_15_04_0088_M1.wav,20260420,mic
1,2026-04-20T14:36:32.193019,2026-04-20T14:36:39.690303,5.0,0.34505903720855713,20260420_14_36_32_0800_M1.wav,20260420,mic
1,2026-04-20T14:29:30.645010,2026-04-20T14:29:36.964847,5.0,0.3417283892631531,20260420_14_29_27_0743_M1.wav,20260420,mic
1,2026-04-20T14:29:54.371201,2026-04-20T14:30:00.006248,5.0,0.3396698534488678,20260420_14_29_50_0984_M1.wav,20260420,mic
1,2026-04-20T14:23:49.352056,2026-04-20T14:23:56.980844,5.0,0.3394821882247925,20260420_14_23_49_0755_M1.wav,20260420,mic
1,2026-04-20T14:31:59.799437,2026-04-20T14:32:05.992981,5.0,0.33697086572647095,20260420_14_31_56_0617_M1.wav,20260420,mic
1,2026-04-20T19:06:55.751720,2026-04-20T19:07:02.972950,5.0,0.32955417037010193,20260420_19_06_53_0225_M1.wav,20260420,mic
1,2026-04-20T19:14:02.179986,2026-04-20T19:14:08.031037,5.0,0.3272166848182678,20260420_19_13_58_0988_M1.wav,20260420,mic
1,2026-04-20T14:29:24.449131,2026-04-20T14:29:28.957962,5.0,0.32599759101867676,20260420_14_29_19_0060_M1.wav,20260420,mic
1,2026-04-20T14:41:40.113009,2026-04-20T14:41:41.515005,5.0,0.3217950165271759,20260420_14_41_40_0930_M1.wav,20260420,mic
1,2026-04-20T14:37:28.471191,2026-04-20T14:37:34.011850,5.0,0.3204779028892517,20260420_14_37_24_0876_M1.wav,20260420,mic
1,2026-04-20T14:31:46.448835,2026-04-20T14:31:52.966418,5.0,0.31754207611083984,20260420_14_31_43_0617_M1.wav,20260420,mic
1,2026-04-20T14:40:50.018886,2026-04-20T14:40:55.036198,5.0,0.3169483244419098,20260420_14_40_45_0843_M1.wav,20260420,mic
1,2026-04-20T19:09:55.087356,2026-04-20T19:10:02.077526,5.0,0.30979442596435547,20260420_19_09_55_0368_M1.wav,20260420,mic
1,2026-04-20T19:06:48.174415,2026-04-20T19:06:55.737466,5.0,0.30802983045578003,20260420_19_06_48_0906_M1.wav,20260420,mic
1,2026-04-20T14:41:32.825801,2026-04-20T14:41:34.051629,5.0,0.3073115348815918,20260420_14_41_24_0902_M1.wav,20260420,mic
1,2026-04-20T14:29:44.247064,2026-04-20T14:29:47.040664,5.0,0.3055950403213501,20260420_14_29_37_0944_M1.wav,20260420,mic
1,2026-04-20T19:04:49.634828,2026-04-20T19:04:52.952668,5.0,0.30240175127983093,20260420_19_04_43_0106_M1.wav,20260420,mic
1,2026-04-20T19:07:10.122174,2026-04-20T19:07:17.696391,5.0,0.2945473790168762,20260420_19_07_10_0570_M1.wav,20260420,mic
1,2026-04-20T14:33:04.121062,2026-04-20T14:33:09.980830,5.0,0.2940382957458496,20260420_14_33_00_0296_M1.wav,20260420,mic
1,2026-04-20T19:09:15.661802,2026-04-20T19:09:21.926777,5.0,0.2811149060726166,20260420_19_09_12_0006_M1.wav,20260420,mic
1,2026-04-20T19:06:33.662078,2026-04-20T19:06:41.010114,5.0,0.27684861421585083,20260420_19_06_31_0554_M1.wav,20260420,mic
1,2026-04-20T19:04:09.235756,2026-04-20T19:04:13.925126,5.0,0.2696821689605713,20260420_19_04_04_0133_M1.wav,20260420,mic
1,2026-04-20T14:30:22.923056,2026-04-20T14:30:28.993121,5.0,0.26603594422340393,20260420_14_30_19_0751_M1.wav,20260420,mic
1,2026-04-20T19:12:01.463460,2026-04-20T19:12:06.019543,5.0,0.25895237922668457,20260420_19_11_56_0869_M1.wav,20260420,mic
1,2026-04-20T19:14:40.943407,2026-04-20T19:14:47.939144,5.0,0.2562941312789917,20260420_19_14_38_0054_M1.wav,20260420,mic
1,2026-04-20T14:27:08.081817,2026-04-20T14:27:13.959597,5.0,0.2494838535785675,20260420_14_27_04_0705_M1.wav,20260420,mic
1,2026-04-20T14:37:20.064124,2026-04-20T14:37:27.394933,5.0,0.24885904788970947,20260420_14_37_20_0524_M1.wav,20260420,mic
1,2026-04-20T14:24:08.905163,2026-04-20T14:24:14.010764,5.0,0.24718037247657776,20260420_14_24_04_0440_M1.wav,20260420,mic
1,2026-04-20T14:27:34.686685,2026-04-20T14:27:39.959277,5.0,0.22769811749458313,20260420_14_27_30_0718_M1.wav,20260420,mic
1,2026-04-20T19:05:37.412078,2026-04-20T19:05:44.979109,5.0,0.22488555312156677,20260420_19_05_35_0134_M1.wav,20260420,mic
1,2026-04-20T14:31:38.348661,2026-04-20T14:31:44.025341,5.0,0.21685439348220825,20260420_14_31_34_0969_M1.wav,20260420,mic
1,2026-04-20T14:39:11.514401,2026-04-20T14:39:15.966311,5.0,0.21497702598571777,20260420_14_39_06_0071_M1.wav,20260420,mic
1,2026-04-20T14:41:33.106323,2026-04-20T14:41:37.016674,5.0,0.21150603890419006,20260420_14_41_27_0921_M1.wav,20260420,mic
1,2026-04-20T19:14:14.479658,2026-04-20T19:14:21.949650,5.0,0.206368088722229,20260420_19_14_12_0027_M1.wav,20260420,mic
1,2026-04-20T19:14:49.807145,2026-04-20T19:14:56.010792,5.0,0.20597043633460999,20260420_19_14_46_0743_M1.wav,20260420,mic
1,2026-04-20T19:13:58.599353,2026-04-20T19:14:03.973933,5.0,0.2049037516117096,20260420_19_13_54_0660_M1.wav,20260420,mic
1,2026-04-20T14:27:04.082459,2026-04-20T14:27:09.944970,5.0,0.20151135325431824,20260420_14_27_00_0338_M1.wav,20260420,mic
1,2026-04-20T19:14:28.738172,2026-04-20T19:14:34.913696,5.0,0.19906237721443176,20260420_19_14_25_0019_M1.wav,20260420,mic
1,2026-04-20T19:10:02.664920,2026-04-20T19:10:09.003463,5.0,0.19557932019233704,20260420_19_09_59_0692_M1.wav,20260420,mic
1,2026-04-20T19:10:06.480758,2026-04-20T19:10:13.961709,5.0,0.19281649589538574,20260420_19_10_04_0045_M1.wav,20260420,mic
1,2026-04-20T19:09:11.086164,2026-04-20T19:09:17.000024,5.0,0.19011923670768738,20260420_19_09_07_0655_M1.wav,20260420,mic
1,2026-04-20T14:23:59.427085,2026-04-20T14:24:05.017723,5.0,0.18656393885612488,20260420_14_23_55_0817_M1.wav,20260420,mic
1,2026-04-20T19:07:02.927384,2026-04-20T19:07:10.553494,5.0,0.18127954006195068,20260420_19_07_01_0906_M1.wav,20260420,mic
1,2026-04-20T14:39:15.800558,2026-04-20T14:39:23.008333,5.0,0.1774892508983612,20260420_14_39_13_0353_M1.wav,20260420,mic
1,2026-04-20T19:05:03.890215,2026-04-20T19:05:10.003477,5.0,0.16686546802520752,20260420_19_05_00_0473_M1.wav,20260420,mic
1,2026-04-20T19:16:08.905446,2026-04-20T19:16:14.030805,5.0,0.16577836871147156,20260420_19_16_04_0909_M1.wav,20260420,mic
1,2026-04-20T19:15:53.476198,2026-04-20T19:15:56.978939,5.0,0.15335491299629211,20260420_19_15_47_0550_M1.wav,20260420,mic
1,2026-04-20T19:06:39.302033,2026-04-20T19:06:45.005512,5.0,0.15295222401618958,20260420_19_06_35_0895_M1.wav,20260420,mic
1,2026-04-20T19:05:17.088779,2026-04-20T19:05:22.977140,5.0,0.15239188075065613,20260420_19_05_13_0501_M1.wav,20260420,mic
1,2026-04-20T19:05:33.717885,2026-04-20T19:05:35.989537,5.0,0.15201649069786072,20260420_19_05_26_0474_M1.wav,20260420,mic
1,2026-04-20T19:05:10.460333,2026-04-20T19:05:14.017106,5.0,0.14956063032150269,20260420_19_05_04_0832_M1.wav,20260420,mic
1,2026-04-20T19:06:17.723215,2026-04-20T19:06:23.962259,5.0,0.14843061566352844,20260420_19_06_14_0216_M1.wav,20260420,mic
1,2026-04-20T14:30:10.652714,2026-04-20T14:30:16.004722,5.0,0.14294931292533875,20260420_14_30_06_0748_M1.wav,20260420,mic
1,2026-04-20T14:29:26.786495,2026-04-20T14:29:32.936307,5.0,0.14174634218215942,20260420_14_29_23_0387_M1.wav,20260420,mic
1,2026-04-20T19:09:37.232229,2026-04-20T19:09:43.008377,5.0,0.13992840051651,20260420_19_09_33_0666_M1.wav,20260420,mic
1,2026-04-20T14:30:40.119092,2026-04-20T14:30:41.990791,5.0,0.13661512732505798,20260420_14_30_32_0752_M1.wav,20260420,mic
1,2026-04-20T19:14:59.232179,2026-04-20T19:15:04.963935,5.0,0.13569527864456177,20260420_19_14_55_0413_M1.wav,20260420,mic
1,2026-04-20T14:28:21.446716,2026-04-20T14:28:28.801124,5.0,0.13444110751152039,20260420_14_28_19_0887_M1.wav,20260420,mic
1,2026-04-20T19:14:19.940771,2026-04-20T19:14:25.981250,5.0,0.13224855065345764,20260420_19_14_16_0348_M1.wav,20260420,mic
1,2026-04-20T19:06:24.612152,2026-04-20T19:06:32.024988,5.0,0.12469661235809326,20260420_19_06_22_0874_M1.wav,20260420,mic
1,2026-04-20T19:15:43.126461,2026-04-20T19:15:50.028725,5.0,0.12353336811065674,20260420_19_15_43_0195_M1.wav,20260420,mic
1,2026-04-20T19:09:50.796433,2026-04-20T19:09:56.002038,5.0,0.12263137102127075,20260420_19_09_46_0703_M1.wav,20260420,mic
1,2026-04-20T19:05:15.516056,2026-04-20T19:05:18.941402,5.0,0.11956053972244263,20260420_19_05_09_0148_M1.wav,20260420,mic
1,2026-04-20T19:14:53.625350,2026-04-20T19:15:00.943119,5.0,0.11934801936149597,20260420_19_14_51_0068_M1.wav,20260420,mic
1,2026-04-20T14:29:09.723745,2026-04-20T14:29:15.925047,5.0,0.11691156029701233,20260420_14_29_06_0059_M1.wav,20260420,mic
1,2026-04-20T14:40:05.695075,2026-04-20T14:40:11.939379,5.0,0.11506161093711853,20260420_14_40_02_0473_M1.wav,20260420,mic
1,2026-04-20T14:38:22.097343,2026-04-20T14:38:24.044781,5.0,0.11505770683288574,20260420_14_38_22_0699_M1.wav,20260420,mic
1,2026-04-20T14:40:56.864696,2026-04-20T14:41:02.939458,5.0,0.11052882671356201,20260420_14_40_53_0164_M1.wav,20260420,mic
1,2026-04-20T19:13:32.728715,2026-04-20T19:13:38.001057,5.0,0.10963472723960876,20260420_19_13_28_0634_M1.wav,20260420,mic
1,2026-04-20T19:05:56.210799,2026-04-20T19:06:01.776664,5.0,0.10905036330223083,20260420_19_05_56_0866_M1.wav,20260420,mic
1,2026-04-20T19:09:59.860466,2026-04-20T19:10:04.989718,5.0,0.10899794101715088,20260420_19_09_55_0368_M1.wav,20260420,mic
1,2026-04-20T14:38:40.516162,2026-04-20T14:38:45.019978,5.0,0.10850691795349121,20260420_14_38_35_0709_M1.wav,20260420,mic
2,2026-04-20T14:30:32.153028,2026-04-20T14:30:37.967423,5.0,0.8494657874107361,20260420_14_30_28_0403_M2.wav,20260420,mic
2,2026-04-20T19:06:46.161005,2026-04-20T19:06:53.773084,5.0,0.7783511877059937,20260420_19_06_44_0561_M2.wav,20260420,mic
2,2026-04-20T14:29:45.296537,2026-04-20T14:29:52.921077,5.0,0.761040210723877,20260420_14_29_45_0081_M2.wav,20260420,mic
2,2026-04-20T19:14:14.652133,2026-04-20T19:14:21.952334,5.0,0.7471099495887756,20260420_19_14_12_0027_M2.wav,20260420,mic
2,2026-04-20T14:37:13.292882,2026-04-20T14:37:20.939390,5.0,0.7427294254302979,20260420_14_37_13_0132_M2.wav,20260420,mic
2,2026-04-20T19:13:27.672912,2026-04-20T19:13:33.953939,5.0,0.7391999959945679,20260420_19_13_24_0272_M2.wav,20260420,mic
2,2026-04-20T19:15:15.526398,2026-04-20T19:15:21.996238,5.0,0.7124693989753723,20260420_19_15_12_0814_M2.wav,20260420,mic
2,2026-04-20T14:33:04.164489,2026-04-20T14:33:09.821056,5.0,0.705900251865387,20260420_14_33_04_0638_M2.wav,20260420,mic
2,2026-04-20T14:28:58.117351,2026-04-20T14:29:05.751478,5.0,0.7009509801864624,20260420_14_28_58_0901_M2.wav,20260420,mic
2,2026-04-20T14:36:28.160664,2026-04-20T14:36:35.550925,5.0,0.6979751586914062,20260420_14_36_28_0470_M2.wav,20260420,mic
2,2026-04-20T19:15:43.057892,2026-04-20T19:15:50.674690,5.0,0.6956910490989685,20260420_19_15_43_0195_M2.wav,20260420,mic
2,2026-04-20T19:14:53.174819,2026-04-20T19:15:00.723077,5.0,0.6854056119918823,20260420_19_14_51_0068_M2.wav,20260420,mic
2,2026-04-20T14:39:02.446403,2026-04-20T14:39:09.960460,5.0,0.6749880313873291,20260420_14_39_00_0365_M2.wav,20260420,mic
2,2026-04-20T14:39:08.764835,2026-04-20T14:39:13.980120,5.0,0.6735748648643494,20260420_14_39_04_0698_M2.wav,20260420,mic
2,2026-04-20T19:13:49.244162,2026-04-20T19:13:55.009476,5.0,0.663594663143158,20260420_19_13_45_0973_M2.wav,20260420,mic
2,2026-04-20T14:39:13.344931,2026-04-20T14:39:20.932987,5.0,0.6577572226524353,20260420_14_39_13_0353_M2.wav,20260420,mic
2,2026-04-20T14:28:35.772811,2026-04-20T14:28:42.042283,5.0,0.656293511390686,20260420_14_28_32_0881_M2.wav,20260420,mic
2,2026-04-20T14:29:10.080843,2026-04-20T14:29:17.647543,5.0,0.6537555456161499,20260420_14_29_10_0383_M2.wav,20260420,mic
2,2026-04-20T14:29:32.049571,2026-04-20T14:29:39.670334,5.0,0.6462641954421997,20260420_14_29_32_0070_M2.wav,20260420,mic
2,2026-04-20T19:15:38.136564,2026-04-20T19:15:45.687716,5.0,0.6450926065444946,20260420_19_15_38_0870_M2.wav,20260420,mic
2,2026-04-20T14:38:55.379986,2026-04-20T14:39:02.990841,5.0,0.6326180100440979,20260420_14_38_55_0992_M2.wav,20260420,mic
2,2026-04-20T19:13:52.430285,2026-04-20T19:13:59.983039,5.0,0.6310180425643921,20260420_19_13_50_0298_M2.wav,20260420,mic
2,2026-04-20T19:08:27.405239,2026-04-20T19:08:33.948090,5.0,0.6283307671546936,20260420_19_08_24_0285_M2.wav,20260420,mic
2,2026-04-20T14:28:43.549086,2026-04-20T14:28:51.007114,5.0,0.6154885292053223,20260420_14_28_41_0560_M2.wav,20260420,mic
2,2026-04-20T14:36:53.729394,2026-04-20T14:36:59.913498,5.0,0.6140301823616028,20260420_14_36_50_0153_M2.wav,20260420,mic
2,2026-04-20T19:08:59.282108,2026-04-20T19:09:06.906772,5.0,0.6023037433624268,20260420_19_08_59_0010_M2.wav,20260420,mic
2,2026-04-20T19:14:31.856672,2026-04-20T19:14:38.987601,5.0,0.5966442823410034,20260420_19_14_29_0375_M2.wav,20260420,mic
2,2026-04-20T19:06:57.127201,2026-04-20T19:07:04.707940,5.0,0.5957367420196533,20260420_19_06_57_0586_M2.wav,20260420,mic
2,2026-04-20T19:09:55.316430,2026-04-20T19:10:02.935844,5.0,0.5957247614860535,20260420_19_09_55_0368_M2.wav,20260420,mic
2,2026-04-20T14:27:53.881581,2026-04-20T14:28:01.516279,5.0,0.5948275327682495,20260420_14_27_53_0913_M2.wav,20260420,mic
2,2026-04-20T14:37:36.617387,2026-04-20T14:37:42.955351,5.0,0.5899975895881653,20260420_14_37_33_0537_M2.wav,20260420,mic
2,2026-04-20T14:30:13.298508,2026-04-20T14:30:20.727036,5.0,0.588748037815094,20260420_14_30_11_0071_M2.wav,20260420,mic
2,2026-04-20T14:31:28.531464,2026-04-20T14:31:35.953057,5.0,0.5837290287017822,20260420_14_31_26_0297_M2.wav,20260420,mic
2,2026-04-20T14:34:30.889610,2026-04-20T14:34:36.931310,5.0,0.5812093019485474,20260420_14_34_27_0038_M2.wav,20260420,mic
2,2026-04-20T14:37:07.085813,2026-04-20T14:37:14.716150,5.0,0.5795442461967468,20260420_14_37_07_0519_M2.wav,20260420,mic
2,2026-04-20T14:37:31.533636,2026-04-20T14:37:38.971387,5.0,0.563576877117157,20260420_14_37_29_0203_M2.wav,20260420,mic
2,2026-04-20T19:14:58.614407,2026-04-20T19:15:04.970194,5.0,0.5565876364707947,20260420_19_14_55_0413_M2.wav,20260420,mic
2,2026-04-20T14:38:46.159835,2026-04-20T14:38:52.930007,5.0,0.5477288961410522,20260420_14_38_43_0001_M2.wav,20260420,mic
2,2026-04-20T19:15:03.118958,2026-04-20T19:15:09.031060,5.0,0.5354229807853699,20260420_19_14_59_0744_M2.wav,20260420,mic
2,2026-04-20T19:09:40.417951,2026-04-20T19:09:47.934520,5.0,0.5331662893295288,20260420_19_09_38_0019_M2.wav,20260420,mic
2,2026-04-20T14:37:27.386067,2026-04-20T14:37:33.985907,5.0,0.5306944847106934,20260420_14_37_24_0876_M2.wav,20260420,mic
2,2026-04-20T14:29:14.355539,2026-04-20T14:29:21.984033,5.0,0.5244626998901367,20260420_14_29_14_0739_M2.wav,20260420,mic
2,2026-04-20T14:29:23.035826,2026-04-20T14:29:29.980731,5.0,0.5109459757804871,20260420_14_29_20_0593_M2.wav,20260420,mic
2,2026-04-20T19:07:10.342833,2026-04-20T19:07:17.982358,5.0,0.5071039199829102,20260420_19_07_10_0570_M2.wav,20260420,mic
2,2026-04-20T19:05:27.840538,2026-04-20T19:05:31.931387,5.0,0.5063554048538208,20260420_19_05_22_0157_M2.wav,20260420,mic
2,2026-04-20T19:13:14.393959,2026-04-20T19:13:20.972529,5.0,0.49543511867523193,20260420_19_13_11_0262_M2.wav,20260420,mic
2,2026-04-20T14:30:19.122660,2026-04-20T14:30:26.710784,5.0,0.49244579672813416,20260420_14_30_19_0751_M2.wav,20260420,mic
2,2026-04-20T19:08:33.958087,2026-04-20T19:08:41.562829,5.0,0.4840475916862488,20260420_19_08_32_0961_M2.wav,20260420,mic
2,2026-04-20T14:36:45.215523,2026-04-20T14:36:50.982447,5.0,0.4806631803512573,20260420_14_36_41_0466_M2.wav,20260420,mic
2,2026-04-20T19:07:16.688738,2026-04-20T19:07:24.031115,5.0,0.4774818420410156,20260420_19_07_14_0928_M2.wav,20260420,mic
2,2026-04-20T14:31:37.989576,2026-04-20T14:31:42.998253,5.0,0.4769779145717621,20260420_14_31_33_0548_M2.wav,20260420,mic
2,2026-04-20T19:14:05.140096,2026-04-20T19:14:12.755785,5.0,0.47666695713996887,20260420_19_14_03_0349_M2.wav,20260420,mic
2,2026-04-20T14:41:32.783896,2026-04-20T14:41:34.034049,5.0,0.47588813304901123,20260420_14_41_24_0902_M2.wav,20260420,mic
2,2026-04-20T19:17:07.203642,2026-04-20T19:17:14.790471,5.0,0.47085040807724,20260420_19_17_05_0749_M2.wav,20260420,mic
2,2026-04-20T19:15:32.738213,2026-04-20T19:15:39.959703,5.0,0.4695228934288025,20260420_19_15_30_0185_M2.wav,20260420,mic
2,2026-04-20T19:06:27.987203,2026-04-20T19:06:32.044037,5.0,0.4642636775970459,20260420_19_06_22_0874_M2.wav,20260420,mic
2,2026-04-20T19:15:55.483655,2026-04-20T19:16:01.016531,5.0,0.4544459283351898,20260420_19_15_51_0878_M2.wav,20260420,mic
2,2026-04-20T19:09:20.103137,2026-04-20T19:09:27.578597,5.0,0.43993204832077026,20260420_19_09_20_0670_M2.wav,20260420,mic
2,2026-04-20T19:14:49.197715,2026-04-20T19:14:55.995158,5.0,0.4372546076774597,20260420_19_14_46_0743_M2.wav,20260420,mic
2,2026-04-20T14:38:29.538833,2026-04-20T14:38:36.944474,5.0,0.4362427592277527,20260420_14_38_27_0027_M2.wav,20260420,mic
2,2026-04-20T19:05:13.222832,2026-04-20T19:05:18.943238,5.0,0.43524855375289917,20260420_19_05_09_0148_M2.wav,20260420,mic
2,2026-04-20T14:28:51.341274,2026-04-20T14:28:58.026098,5.0,0.42567822337150574,20260420_14_28_48_0723_M2.wav,20260420,mic
2,2026-04-20T14:30:35.366694,2026-04-20T14:30:42.920064,5.0,0.4248891770839691,20260420_14_30_34_0312_M2.wav,20260420,mic
2,2026-04-20T14:31:24.127168,2026-04-20T14:31:31.721346,5.0,0.42313769459724426,20260420_14_31_24_0802_M2.wav,20260420,mic
2,2026-04-20T19:14:27.498396,2026-04-20T19:14:34.968730,5.0,0.4217318296432495,20260420_19_14_25_0019_M2.wav,20260420,mic
2,2026-04-20T19:13:32.126493,2026-04-20T19:13:39.757560,5.0,0.4212230443954468,20260420_19_13_32_0957_M2.wav,20260420,mic
2,2026-04-20T19:15:47.374506,2026-04-20T19:15:54.944651,5.0,0.412321001291275,20260420_19_15_47_0550_M2.wav,20260420,mic
2,2026-04-20T14:23:55.359198,2026-04-20T14:24:03.008706,5.0,0.4110930860042572,20260420_14_23_55_0817_M2.wav,20260420,mic
2,2026-04-20T19:06:17.781444,2026-04-20T19:06:23.954174,5.0,0.40705418586730957,20260420_19_06_14_0216_M2.wav,20260420,mic
2,2026-04-20T19:15:06.506718,2026-04-20T19:15:13.962094,5.0,0.4010714292526245,20260420_19_15_04_0088_M2.wav,20260420,mic
2,2026-04-20T19:06:37.665475,2026-04-20T19:06:45.024648,5.0,0.39328306913375854,20260420_19_06_35_0895_M2.wav,20260420,mic
2,2026-04-20T19:13:58.217135,2026-04-20T19:14:04.002865,5.0,0.3748995065689087,20260420_19_13_54_0660_M2.wav,20260420,mic
2,2026-04-20T19:10:11.089431,2026-04-20T19:10:17.736003,5.0,0.3707852363586426,20260420_19_10_08_0365_M2.wav,20260420,mic
2,2026-04-20T19:14:44.510632,2026-04-20T19:14:51.987198,5.0,0.36561769247055054,20260420_19_14_42_0375_M2.wav,20260420,mic
2,2026-04-20T19:07:22.979655,2026-04-20T19:07:28.942671,5.0,0.35423988103866577,20260420_19_07_19_0242_M2.wav,20260420,mic
2,2026-04-20T14:29:27.609223,2026-04-20T14:29:35.242511,5.0,0.3475738763809204,20260420_14_29_27_0743_M2.wav,20260420,mic
2,2026-04-20T19:05:08.727348,2026-04-20T19:05:14.019800,5.0,0.33864694833755493,20260420_19_05_04_0832_M2.wav,20260420,mic
2,2026-04-20T19:04:10.602136,2026-04-20T19:04:13.958119,5.0,0.33425915241241455,20260420_19_04_04_0133_M2.wav,20260420,mic
2,2026-04-20T14:28:48.141333,2026-04-20T14:28:53.965891,5.0,0.31711113452911377,20260420_14_28_48_0723_M2.wav,20260420,mic
2,2026-04-20T14:28:01.543862,2026-04-20T14:28:06.015105,5.0,0.31444022059440613,20260420_14_27_56_0729_M2.wav,20260420,mic
2,2026-04-20T19:10:06.111095,2026-04-20T19:10:13.715109,5.0,0.3097643256187439,20260420_19_10_04_0045_M2.wav,20260420,mic
2,2026-04-20T14:40:50.584989,2026-04-20T14:40:55.020936,5.0,0.302976131439209,20260420_14_40_45_0843_M2.wav,20260420,mic
2,2026-04-20T19:09:29.316629,2026-04-20T19:09:36.960002,5.0,0.2938021421432495,20260420_19_09_29_0341_M2.wav,20260420,mic
2,2026-04-20T19:05:54.402305,2026-04-20T19:06:02.003251,5.0,0.2919939160346985,20260420_19_05_52_0507_M2.wav,20260420,mic
2,2026-04-20T19:13:19.208115,2026-04-20T19:13:26.252610,5.0,0.2852848172187805,20260420_19_13_19_0947_M2.wav,20260420,mic
2,2026-04-20T19:05:16.710583,2026-04-20T19:05:22.961949,5.0,0.2708401679992676,20260420_19_05_13_0501_M2.wav,20260420,mic
2,2026-04-20T19:10:01.168132,2026-04-20T19:10:08.782371,5.0,0.2647036910057068,20260420_19_09_59_0692_M2.wav,20260420,mic
2,2026-04-20T14:28:18.330659,2026-04-20T14:28:25.868017,5.0,0.26412078738212585,20260420_14_28_18_0370_M2.wav,20260420,mic
2,2026-04-20T19:13:23.716144,2026-04-20T19:13:29.015552,5.0,0.2636132836341858,20260420_19_13_19_0947_M2.wav,20260420,mic
2,2026-04-20T19:13:44.931116,2026-04-20T19:13:50.981444,5.0,0.2633651793003082,20260420_19_13_41_0634_M2.wav,20260420,mic
2,2026-04-20T14:38:39.151700,2026-04-20T14:38:44.986213,5.0,0.26206308603286743,20260420_14_38_35_0709_M2.wav,20260420,mic
2,2026-04-20T14:30:45.093968,2026-04-20T14:30:50.966859,5.0,0.26054349541664124,20260420_14_30_41_0392_M2.wav,20260420,mic
2,2026-04-20T19:08:21.747996,2026-04-20T19:08:24.990881,5.0,0.2547587752342224,20260420_19_08_15_0605_M2.wav,20260420,mic
2,2026-04-20T19:15:30.850356,2026-04-20T19:15:35.011774,5.0,0.2546863257884979,20260420_19_15_25_0831_M2.wav,20260420,mic
2,2026-04-20T14:40:06.653356,2026-04-20T14:40:14.213799,5.0,0.25300103425979614,20260420_14_40_06_0802_M2.wav,20260420,mic
2,2026-04-20T14:30:08.571011,2026-04-20T14:30:16.188448,5.0,0.25130438804626465,20260420_14_30_08_0312_M2.wav,20260420,mic
2,2026-04-20T19:14:23.044456,2026-04-20T19:14:29.995304,5.0,0.24700981378555298,20260420_19_14_20_0694_M2.wav,20260420,mic
2,2026-04-20T19:09:05.953302,2026-04-20T19:09:12.984763,5.0,0.2352760136127472,20260420_19_09_03_0324_M2.wav,20260420,mic
2,2026-04-20T19:04:56.751034,2026-04-20T19:05:01.060594,5.0,0.23493024706840515,20260420_19_04_51_0801_M2.wav,20260420,mic
2,2026-04-20T19:05:32.945631,2026-04-20T19:05:40.033527,5.0,0.22932526469230652,20260420_19_05_30_0822_M2.wav,20260420,mic
2,2026-04-20T19:13:04.880766,2026-04-20T19:13:12.010804,5.0,0.2266126573085785,20260420_19_13_02_0555_M2.wav,20260420,mic
2,2026-04-20T14:30:02.165627,2026-04-20T14:30:09.002274,5.0,0.22029027342796326,20260420_14_29_59_0674_M2.wav,20260420,mic
2,2026-04-20T19:10:12.039126,2026-04-20T19:10:13.954156,5.0,0.21513360738754272,20260420_19_10_04_0045_M2.wav,20260420,mic
2,2026-04-20T14:38:53.779658,2026-04-20T14:38:58.023559,5.0,0.21289974451065063,20260420_14_38_48_0712_M2.wav,20260420,mic
2,2026-04-20T14:27:00.362231,2026-04-20T14:27:05.926855,5.0,0.21196222305297852,20260420_14_26_56_0009_M2.wav,20260420,mic
2,2026-04-20T14:32:58.512155,2026-04-20T14:33:05.011260,5.0,0.1985291838645935,20260420_14_32_55_0928_M2.wav,20260420,mic
2,2026-04-20T14:29:05.466072,2026-04-20T14:29:12.933315,5.0,0.19712859392166138,20260420_14_29_03_0225_M2.wav,20260420,mic
2,2026-04-20T14:37:02.369506,2026-04-20T14:37:09.980114,5.0,0.18974170088768005,20260420_14_37_00_0129_M2.wav,20260420,mic
2,2026-04-20T19:03:57.476285,2026-04-20T19:04:02.827901,5.0,0.18804511427879333,20260420_19_03_55_0460_M2.wav,20260420,mic
2,2026-04-20T14:37:17.919214,2026-04-20T14:37:25.481467,5.0,0.18496516346931458,20260420_14_37_16_0201_M2.wav,20260420,mic
2,2026-04-20T14:36:40.742940,2026-04-20T14:36:46.894783,5.0,0.18268895149230957,20260420_14_36_37_0138_M2.wav,20260420,mic
2,2026-04-20T19:09:16.489484,2026-04-20T19:09:21.947317,5.0,0.18045330047607422,20260420_19_09_12_0006_M2.wav,20260420,mic
2,2026-04-20T19:08:50.003237,2026-04-20T19:08:51.016756,5.0,0.176932692527771,20260420_19_08_41_0622_M2.wav,20260420,mic
2,2026-04-20T14:39:19.503123,2026-04-20T14:39:22.957100,5.0,0.17575043439865112,20260420_14_39_13_0353_M2.wav,20260420,mic
2,2026-04-20T19:08:55.696138,2026-04-20T19:08:59.970299,5.0,0.1752546727657318,20260420_19_08_50_0306_M2.wav,20260420,mic
2,2026-04-20T14:29:42.851602,2026-04-20T14:29:47.044517,5.0,0.17197448015213013,20260420_14_29_37_0944_M2.wav,20260420,mic
2,2026-04-20T14:32:01.927935,2026-04-20T14:32:09.549128,5.0,0.16613930463790894,20260420_14_32_00_0973_M2.wav,20260420,mic
2,2026-04-20T19:05:42.655278,2026-04-20T19:05:48.973616,5.0,0.15858206152915955,20260420_19_05_39_0467_M2.wav,20260420,mic
2,2026-04-20T19:15:10.739084,2026-04-20T19:15:17.959786,5.0,0.1474614441394806,20260420_19_15_08_0419_M2.wav,20260420,mic
2,2026-04-20T14:38:27.254891,2026-04-20T14:38:31.994839,5.0,0.14640304446220398,20260420_14_38_22_0699_M2.wav,20260420,mic
2,2026-04-20T14:36:57.937852,2026-04-20T14:37:05.032898,5.0,0.13970288634300232,20260420_14_36_55_0775_M2.wav,20260420,mic
2,2026-04-20T19:14:39.405883,2026-04-20T19:14:46.825798,5.0,0.1389976143836975,20260420_19_14_38_0054_M2.wav,20260420,mic
2,2026-04-20T19:09:33.874689,2026-04-20T19:09:41.479659,5.0,0.13572734594345093,20260420_19_09_33_0666_M2.wav,20260420,mic
2,2026-04-20T14:27:36.499730,2026-04-20T14:27:41.940991,5.0,0.1345091462135315,20260420_14_27_32_0237_M2.wav,20260420,mic
2,2026-04-20T14:39:36.348214,2026-04-20T14:39:43.870470,5.0,0.1332421898841858,20260420_14_39_36_0453_M2.wav,20260420,mic
2,2026-04-20T14:41:26.393810,2026-04-20T14:41:30.008165,5.0,0.1320458948612213,20260420_14_41_20_0577_M2.wav,20260420,mic
2,2026-04-20T19:15:21.410202,2026-04-20T19:15:26.959678,5.0,0.13165822625160217,20260420_19_15_17_0165_M2.wav,20260420,mic
2,2026-04-20T19:04:51.213014,2026-04-20T19:04:57.094502,5.0,0.13041457533836365,20260420_19_04_51_0801_M2.wav,20260420,mic
2,2026-04-20T14:40:47.728320,2026-04-20T14:40:50.974158,5.0,0.12522509694099426,20260420_14_40_41_0513_M2.wav,20260420,mic
2,2026-04-20T14:28:24.042538,2026-04-20T14:28:29.753232,5.0,0.12223786115646362,20260420_14_28_24_0205_M2.wav,20260420,mic
2,2026-04-20T14:31:46.615901,2026-04-20T14:31:52.335854,5.0,0.12201961874961853,20260420_14_31_46_0557_M2.wav,20260420,mic
2,2026-04-20T14:29:37.383702,2026-04-20T14:29:45.013381,5.0,0.12073013186454773,20260420_14_29_37_0944_M2.wav,20260420,mic
2,2026-04-20T14:39:20.841912,2026-04-20T14:39:27.008251,5.0,0.11855977773666382,20260420_14_39_17_0706_M2.wav,20260420,mic
2,2026-04-20T19:16:13.105582,2026-04-20T19:16:18.177087,5.0,0.11763957142829895,20260420_19_16_13_0587_M2.wav,20260420,mic
2,2026-04-20T14:39:40.467171,2026-04-20T14:39:42.049165,5.0,0.1154322624206543,20260420_14_39_39_0391_M2.wav,20260420,mic
2,2026-04-20T19:06:15.569245,2026-04-20T19:06:19.018465,5.0,0.11472386121749878,20260420_19_06_09_0863_M2.wav,20260420,mic
2,2026-04-20T14:28:29.229756,2026-04-20T14:28:33.960442,5.0,0.1131022572517395,20260420_14_28_24_0205_M2.wav,20260420,mic
2,2026-04-20T19:09:10.654000,2026-04-20T19:09:16.997791,5.0,0.10767015814781189,20260420_19_09_07_0655_M2.wav,20260420,mic
2,2026-04-20T19:05:02.569811,2026-04-20T19:05:09.994880,5.0,0.1041296124458313,20260420_19_05_00_0473_M2.wav,20260420,mic
2,2026-04-20T14:40:58.372300,2026-04-20T14:41:05.976722,5.0,0.10260438919067383,20260420_14_40_58_0865_M2.wav,20260420,mic
2,2026-04-20T14:37:24.952811,2026-04-20T14:37:29.989768,5.0,0.10218533873558044,20260420_14_37_20_0524_M2.wav,20260420,mic
2,2026-04-20T14:27:29.669328,2026-04-20T14:27:37.013009,5.0,0.10189411044120789,20260420_14_27_27_0913_M2.wav,20260420,mic
2,2026-04-20T19:04:40.271190,2026-04-20T19:04:42.225409,5.0,0.10138264298439026,20260420_19_04_38_0783_M2.wav,20260420,mic
2,2026-04-20T19:16:46.389455,2026-04-20T19:16:49.006577,5.0,0.10083499550819397,20260420_19_16_39_0709_M2.wav,20260420,mic
1,2026-04-20T14:22:03.032000,2026-04-20T14:22:04.950763,4.0,0.8807746767997742,20260420_14_22_03_0321_M1.wav,20260420,mic
1,2026-04-20T14:21:37.165194,2026-04-20T14:21:37.770794,4.0,0.7220996618270874,20260420_14_21_36_0644_M1.wav,20260420,mic
1,2026-04-20T14:21:48.344296,2026-04-20T14:21:55.964083,4.0,0.4361487030982971,20260420_14_21_46_0000_M1.wav,20260420,mic
1,2026-04-20T14:22:34.137744,2026-04-20T14:22:34.372909,4.0,0.4036501944065094,20260420_14_22_29_0260_M1.wav,20260420,mic
1,2026-04-20T14:21:46.768945,2026-04-20T14:21:47.844989,4.0,0.3646922707557678,20260420_14_21_39_0856_M1.wav,20260420,mic
1,2026-04-20T14:23:22.131965,2026-04-20T14:23:22.359253,4.0,0.3492511510848999,20260420_14_23_16_0856_M1.wav,20260420,mic
1,2026-04-20T14:21:42.198885,2026-04-20T14:21:42.729192,4.0,0.3191993236541748,20260420_14_21_39_0856_M1.wav,20260420,mic
1,2026-04-20T14:21:31.956009,2026-04-20T14:21:38.160882,4.0,0.30362454056739807,20260420_14_21_31_0081_M1.wav,20260420,mic
1,2026-04-20T14:21:59,2026-04-20T14:22:00.569102,4.0,0.2633880376815796,20260420_14_21_59_0005_M1.wav,20260420,mic
1,2026-04-20T14:21:54.324565,2026-04-20T14:21:56,4.0,0.24258708953857422,20260420_14_21_46_0000_M1.wav,20260420,mic
1,2026-04-20T14:21:47.863836,2026-04-20T14:21:48.924520,4.0,0.23572447896003723,20260420_14_21_44_0193_M1.wav,20260420,mic
1,2026-04-20T14:21:43.489356,2026-04-20T14:21:51.015690,4.0,0.2305009365081787,20260420_14_21_41_0650_M1.wav,20260420,mic
1,2026-04-20T14:25:55.048563,2026-04-20T14:26:02.359766,4.0,0.22269684076309204,20260420_14_25_55_0373_M1.wav,20260420,mic
1,2026-04-20T14:22:54.569503,2026-04-20T14:22:54.995672,4.0,0.18248242139816284,20260420_14_22_46_0552_M1.wav,20260420,mic
1,2026-04-20T14:21:41.065000,2026-04-20T14:21:45.255026,4.0,0.16986879706382751,20260420_14_21_41_0650_M1.wav,20260420,mic
1,2026-04-20T14:22:10.684004,2026-04-20T14:22:10.930963,4.0,0.15085071325302124,20260420_14_22_01_0524_M1.wav,20260420,mic
1,2026-04-20T14:25:14.577356,2026-04-20T14:25:14.947401,4.0,0.15053969621658325,20260420_14_25_05_0042_M1.wav,20260420,mic
1,2026-04-20T14:21:32.560294,2026-04-20T14:21:33.240839,4.0,0.12317562103271484,20260420_14_21_31_0081_M1.wav,20260420,mic
2,2026-04-20T14:21:47.163359,2026-04-20T14:21:51.033302,4.0,0.8141777515411377,20260420_14_21_41_0650_M2.wav,20260420,mic
2,2026-04-20T14:22:03.032000,2026-04-20T14:22:04.995251,4.0,0.7111165523529053,20260420_14_22_03_0321_M2.wav,20260420,mic
2,2026-04-20T14:22:00.480979,2026-04-20T14:22:04.066000,4.0,0.45061978697776794,20260420_14_21_54_0669_M2.wav,20260420,mic
2,2026-04-20T14:21:49.819453,2026-04-20T14:21:50.973186,4.0,0.35303014516830444,20260420_14_21_46_0000_M2.wav,20260420,mic
2,2026-04-20T14:25:20.149445,2026-04-20T14:25:20.621611,4.0,0.309853732585907,20260420_14_25_16_0343_M2.wav,20260420,mic
2,2026-04-20T14:24:00.013000,2026-04-20T14:24:01.213646,4.0,0.2832370400428772,20260420_14_24_00_0132_M2.wav,20260420,mic
2,2026-04-20T14:21:36.818655,2026-04-20T14:21:37.198370,4.0,0.2716390788555145,20260420_14_21_31_0081_M2.wav,20260420,mic
2,2026-04-20T14:21:41.893204,2026-04-20T14:21:42.288843,4.0,0.25832200050354004,20260420_14_21_36_0644_M2.wav,20260420,mic
2,2026-04-20T14:21:33.265211,2026-04-20T14:21:33.677578,4.0,0.25440964102745056,20260420_14_21_31_0081_M2.wav,20260420,mic
2,2026-04-20T14:25:57.858080,2026-04-20T14:25:58.047744,4.0,0.23604059219360352,20260420_14_25_52_0621_M2.wav,20260420,mic
2,2026-04-20T14:21:41.808391,2026-04-20T14:21:49.085000,4.0,0.23466888070106506,20260420_14_21_39_0856_M2.wav,20260420,mic
2,2026-04-20T14:21:46.755169,2026-04-20T14:21:47.746790,4.0,0.15430715680122375,20260420_14_21_39_0856_M2.wav,20260420,mic
2,2026-04-20T14:21:36.064000,2026-04-20T14:21:38.871194,4.0,0.10228979587554932,20260420_14_21_36_0644_M2.wav,20260420,mic
2,2026-04-20T14:22:11.855928,2026-04-20T14:22:13.032000,4.0,0.10213333368301392,20260420_14_22_03_0321_M2.wav,20260420,mic
